
INSERT INTO Users (userNo, email, passwordHash, userName, userPhone, roadAddress, detailAddress, userStatus, createDate, updateDate)VALUES
(1000001, 'mx2ur43n@example.com', 'NyEUIQeE4N', '김민수', '010-5636-0000', '인천광역시 남동구 인하로 100', '923호', 1, '2025-06-01 00:00:00', '2025-06-01 00:00:00'), -- bn 하늘정보기획
(1000002, 'ahrqigta@example.com', 'jwAjxunl8p', '이서연', '010-7079-0000', '인천광역시 연수구 송도과학로 16', '479호', 1, '2025-06-01 00:00:00', '2025-06-07 00:00:00'), -- bn 푸른기획
(1000003, '9wnitcn0@example.com', 'bEAjXjqlM4', '박지훈', '010-7145-0000', '인천광역시 부평구 경원대로 123', '131호', 1, '2025-06-01 00:00:00', '2025-06-07 00:00:00'),
(1000004, 'je82aj2j@example.com', 'ilpGkPPr08', '최유진', '010-1173-0000', '인천광역시 서구 검단로 113', '332호', 1, '2025-06-02 00:00:00', '2025-06-10 00:00:00'),
(1000005, 'k51v9qj5@example.com', '5hKxnMUZMq', '정하늘', '010-8237-0000', '인천광역시 미추홀구 석바위로 45', '358호', 1, '2025-06-02 00:00:00', '2025-06-14 00:00:00'), -- bn 빛나는 컴퍼니
(1000006, 'ux3y4vpb@example.com', 'APV36tx9b2', '윤지호', '010-4214-0000', '인천광역시 동구 화도진로 77', '232호', 1, '2025-06-02 00:00:00', '2025-06-22 00:00:00'),
(1000007, '81hgmkcr@example.com', 'h6ZtEOUbql', '장예린', '010-2805-0000', '경기도 부천시 길주로 210', '827호', 1, '2025-06-03 00:00:00', '2025-06-24 00:00:00'),
(1000008, 'na63gnjj@example.com', 'W2RIszkDH3', '한도윤', '010-2812-0000', '경기도 부천시 부천로 123', '981호', 1, '2025-06-03 00:00:00', '2025-07-03 00:00:00'),
(1000009, '1ghlv1ud@example.com', 'DcYqTAazz7', '오지민', '010-4344-0000', '경기도 부천시 소사로 88', '623호', 1, '2025-06-04 00:00:00', '2025-07-04 00:00:00'),
(1000010, 'iey28ret@example.com', 'q6shtWd8ls', '신유나', '010-8772-0000', '경기도 부천시 중동로 55', '792호', 1, '2025-06-04 00:00:00', '2025-07-08 00:00:00'),
(1000011, '1cxcst89@example.com', 'tQkDTZb5f8', '홍지훈', '010-9301-0000', '경기도 부천시 오정로 99', '746호', 1, '2025-06-04 00:00:00', '2025-07-08 00:00:00'),
(1000012, 'j0vacbxq@example.com', 'dM94TJ6i1W', '강민지', '010-9526-0000', '경기도 부천시 상동로 66', '420호', 1, '2025-06-05 00:00:00', '2025-07-16 00:00:00'),
(1000013, 'dki7lg08@example.com', 'WuNWljRbZ0', '배수현', '010-6505-0000', '인천광역시 계양구 계산로 101', '487호', 1, '2025-06-05 00:00:00', '2025-07-23 00:00:00'),
(1000014, '1bzileof@example.com', 'a6RSmoOdvh', '조예진', '010-9627-0000', '인천광역시 중구 신포로 33', '665호', 1, '2025-06-05 00:00:00', '2025-07-30 00:00:00'),
(1000015, 'kg7pdfxa@example.com', 'W0N80MS1Sk', '임도현', '010-1749-0000', '인천광역시 강화군 강화대로 77', '251호', 1, '2025-06-06 00:00:00', '2025-08-01 00:00:00'),
(1000016, 'wg3yb2yt@example.com', 'W99H3LotHn', '서지우', '010-4216-0000', '경기도 부천시 원미로 22', '951호', 1, '2025-06-07 00:00:00', '2025-08-08 00:00:00'),
(1000017, '5se2oa67@example.com', 'dBCCNtZvEg', '문지훈', '010-1667-0000', '경기도 부천시 역곡로 11', '489호', 1, '2025-06-07 00:00:00', '2025-08-12 00:00:00'),
(1000018, 't32ytofo@example.com', 'YGUWVHJu9m', '권민서', '010-7069-0000', '경기도 부천시 춘의로 44', '572호', 1, '2025-06-07 00:00:00', '2025-08-14 00:00:00'),
(1000019, '1u8it399@example.com', 'TIG3P11Rbb', '안예준', '010-4189-0000', '인천광역시 남구 주안로 88', '390호', 1, '2025-06-08 00:00:00', '2025-08-14 00:00:00'),
(1000020, 'nlit1p5u@example.com', 'R7KyAtlEt0', '남하늘', '010-1696-0000', '인천광역시 서구 청라대로 55', '334호', 1, '2025-06-08 00:00:00', '2025-08-17 00:00:00');

INSERT INTO BusinessUser (bnNo, bnName, managerName, managerPhone, bnDocuImg, bnType, bnItem, bnStatus, createDate, updateDate, userNo) VALUES
('100-00-00001', '하늘정보기술', '김하늘', '010-8708-0000', '사업자등록증1_sample.png', '지방자치단체', '지방자치단체', 1, '2025-06-01 00:00:00', '2025-06-01 00:00:00', 1000001),
('100-00-00002', '푸른기획', '이도윤', '010-8438-0000', '사업자등록증2_sample.png', '유통업', '식품', 1, '2025-06-01 00:00:00', '2025-06-07 00:00:00', 1000002),
('100-00-00003', '빛나는컴퍼니', '박예진', '010-3595-0000', '사업자등록증3_sample.png', '제조업', '전자기기', 1, '2025-06-02 00:00:00', '2025-06-14 00:00:00', 1000005);

INSERT INTO RoleTemplate (rtNo, bnNo, rtName, rtDescription, rtStatus, createDate, updateDate) VALUES
(2000001, '100-00-00001', '삐에로', '행사장에서 아이들을 웃기고 풍선아트를 제공', 1, '2025-06-07 08:38:54', '2025-06-07 08:38:54'),
(2000002, '100-00-00001', '무대', '무대 설치 및 철거를 담당', 1, '2025-06-07 09:07:50', '2025-06-07 09:07:50'),
(2000003, '100-00-00001', '총괄', '행사 전체 진행을 총괄하고 조율', 1, '2025-06-07 10:33:32', '2025-06-07 10:33:32'),
(2000004, '100-00-00001', '나레이터', '행사 진행 멘트를 담당', 1, '2025-06-07 11:34:17', '2025-06-07 11:34:17'),
(2000005, '100-00-00001', '조명', '조명 장비 설치 및 운영', 1, '2025-06-07 12:47:26', '2025-06-07 12:47:26'),
(2000006, '100-00-00002', '음향', '음향 장비 설치 및 운영', 1, '2025-06-08 09:13:35', '2025-06-08 09:13:35'),
(2000007, '100-00-00002', '사회자', '행사 진행을 맡아 분위기 조성', 1, '2025-06-08 10:45:35', '2025-06-08 10:45:35'),
(2000008, '100-00-00002', '보안', '행사장 내외부 안전 관리', 1, '2025-06-08 11:35:03', '2025-06-08 11:35:03'),
(2000009, '100-00-00002', '포토그래퍼', '행사 사진 촬영 및 편집', 1, '2025-06-08 12:08:49', '2025-06-08 12:08:49'),
(2000010, '100-00-00002', '영상', '행사 영상 촬영 및 송출', 1, '2025-06-08 13:08:10', '2025-06-08 13:08:10'),
(2000011, '100-00-00003', '의전', 'VIP 및 주요 인사 안내 및 관리', 1, '2025-06-09 09:54:55', '2025-06-09 09:54:55'),
(2000012, '100-00-00003', '케이터링', '행사 음식 및 음료 제공', 1, '2025-06-09 10:32:58', '2025-06-09 10:32:58'),
(2000013, '100-00-00003', '청소', '행사 전후 청소 및 정리', 1, '2025-06-09 11:45:55', '2025-06-09 11:45:55'),
(2000014, '100-00-00003', '안내데스크', '행사장 입구 안내 및 등록', 1, '2025-06-09 12:07:56', '2025-06-09 12:07:56'),
(2000015, '100-00-00003', '의상', '행사 의상 준비 및 관리', 1, '2025-06-09 13:57:45', '2025-06-09 13:57:45');

INSERT INTO RoleTemplateItem (rtiNo, rtNo, rtiName, rtiDescription, rtiStatus, createDate, updateDate) VALUES
(3000001, 2000001, '일반삐에로', '기본적인 복장과 동작으로 관객과 소통', 1, '2025-06-08 11:00:00', '2025-06-08 11:00:00'),
(3000002, 2000001, '고급삐에로', '고난이도 퍼포먼스를 수행하는 전문 삐에로', 1, '2025-06-08 11:00:00', '2025-06-08 11:00:00'),
(3000003, 2000001, '풍선삐에로', '풍선아트로 아이들과 소통하는 삐에로', 1, '2025-06-08 11:00:00', '2025-06-08 11:00:00'),
(3000004, 2000002, '무대설치', '무대 구조물 설치 및 조립', 1, '2025-06-08 11:00:00', '2025-06-08 11:00:00'),
(3000005, 2000002, '무대관리', '무대 상태 점검 및 유지관리', 1, '2025-06-08 11:00:00', '2025-06-08 11:00:00'),
(3000006, 2000002, '무대철거', '공연 종료 후 무대 철거 작업', 1, '2025-06-08 11:00:00', '2025-06-08 11:00:00'),
(3000007, 2000003, '현장총괄', '전체 현장 운영 및 지휘', 1, '2025-06-08 11:00:00', '2025-06-08 11:00:00'),
(3000008, 2000003, '스태프총괄', '스태프 업무 분배 및 관리', 1, '2025-06-08 11:00:00', '2025-06-08 11:00:00'),
(3000009, 2000003, '일정총괄', '공연 일정 조율 및 관리', 1, '2025-06-08 11:00:00', '2025-06-08 11:00:00'),
(3000010, 2000004, '오프닝나레이터', '공연 시작 전 오프닝 멘트 진행', 1, '2025-06-08 11:00:00', '2025-06-08 11:00:00'),
(3000011, 2000004, '중간나레이터', '공연 중간 안내 멘트 진행', 1, '2025-06-08 11:00:00', '2025-06-08 11:00:00'),
(3000012, 2000004, '엔딩나레이터', '공연 종료 후 마무리 멘트 진행', 1, '2025-06-08 11:00:00', '2025-06-08 11:00:00'),
(3000013, 2000005, '조명설치', '조명 장비 설치 및 배치', 1, '2025-06-08 11:00:00', '2025-06-08 11:00:00'),
(3000014, 2000005, '조명오퍼레이터', '공연 중 조명 조작', 1, '2025-06-08 11:00:00', '2025-06-08 11:00:00'),
(3000015, 2000005, '조명점검', '조명 장비 사전 점검 및 테스트', 1, '2025-06-08 11:00:00', '2025-06-08 11:00:00'),
(3000016, 2000006, '음향설치', '스피커 및 음향 장비 설치', 1, '2025-06-09 11:00:00', '2025-06-09 11:00:00'),
(3000017, 2000006, '음향오퍼레이터', '공연 중 음향 조작', 1, '2025-06-09 11:00:00', '2025-06-09 11:00:00'),
(3000018, 2000006, '음향점검', '음향 장비 사전 점검 및 테스트', 1, '2025-06-09 11:00:00', '2025-06-09 11:00:00'),
(3000019, 2000007, '입장안내', '관객 입장 시 안내 및 유도', 1, '2025-06-09 11:00:00', '2025-06-09 11:00:00'),
(3000020, 2000007, '좌석안내', '관객 좌석 배정 및 안내', 1, '2025-06-09 11:00:00', '2025-06-09 11:00:00'),
(3000021, 2000007, '퇴장안내', '공연 종료 후 퇴장 안내', 1, '2025-06-09 11:00:00', '2025-06-09 11:00:00'),
(3000022, 2000008, '출입통제', '관객 및 관계자 출입 통제', 1, '2025-06-09 11:00:00', '2025-06-09 11:00:00'),
(3000023, 2000008, '비상대응', '비상 상황 발생 시 대응', 1, '2025-06-09 11:00:00', '2025-06-09 11:00:00'),
(3000024, 2000008, '순찰업무', '공연장 내외 순찰 및 안전 점검', 1, '2025-06-09 11:00:00', '2025-06-09 11:00:00'),
(3000025, 2000009, '사진촬영', '공연 사진 촬영', 1, '2025-06-09 11:00:00', '2025-06-09 11:00:00'),
(3000026, 2000009, '영상촬영', '공연 영상 촬영', 1, '2025-06-09 11:00:00', '2025-06-09 11:00:00'),
(3000027, 2000009, '편집업무', '촬영된 자료 편집 및 정리', 1, '2025-06-09 11:00:00', '2025-06-09 11:00:00'),
(3000028, 2000010, '의상준비', '공연 의상 준비 및 배치', 1, '2025-06-09 11:00:00', '2025-06-09 11:00:00'),
(3000029, 2000010, '의상관리', '의상 상태 점검 및 관리', 1, '2025-06-09 11:00:00', '2025-06-09 11:00:00'),
(3000030, 2000010, '의상수거', '공연 후 의상 수거 및 정리', 1, '2025-06-09 11:00:00', '2025-06-09 11:00:00'),
(3000031, 2000011, '기본분장', '기본적인 무대 분장 수행', 1, '2025-06-10 11:00:00', '2025-06-10 11:00:00'),
(3000032, 2000011, '특수분장', '특수 효과를 위한 분장', 1, '2025-06-10 11:00:00', '2025-06-10 11:00:00'),
(3000033, 2000011, '분장보조', '분장 작업 보조 및 정리', 1, '2025-06-10 11:00:00', '2025-06-10 11:00:00'),
(3000034, 2000012, '무대진행', '공연 중 무대 진행 관리', 1, '2025-06-10 11:00:00', '2025-06-10 11:00:00'),
(3000035, 2000012, '무대지휘', '무대 스태프 지휘 및 조율', 1, '2025-06-10 11:00:00', '2025-06-10 11:00:00'),
(3000036, 2000012, '무대상황관리', '무대 상황 실시간 모니터링', 1, '2025-06-10 11:00:00', '2025-06-10 11:00:00'),
(3000037, 2000013, '전체리허설', '전체 공연 리허설 진행', 1, '2025-06-10 11:00:00', '2025-06-10 11:00:00'),
(3000038, 2000013, '부분리허설', '특정 장면 리허설 진행', 1, '2025-06-10 11:00:00', '2025-06-10 11:00:00'),
(3000039, 2000013, '리허설조율', '리허설 일정 및 인원 조율', 1, '2025-06-10 11:00:00', '2025-06-10 11:00:00'),
(3000040, 2000014, '무대자재운반', '무대 자재 운반 및 배치', 1, '2025-06-10 11:00:00', '2025-06-10 11:00:00'),
(3000041, 2000014, '무대조립', '무대 구조물 조립 작업', 1, '2025-06-10 11:00:00', '2025-06-10 11:00:00'),
(3000042, 2000014, '무대고정', '무대 고정 및 안전 점검', 1, '2025-06-10 11:00:00', '2025-06-10 11:00:00'),
(3000043, 2000015, '철거자재정리', '철거 자재 정리 및 운반', 1, '2025-06-10 11:00:00', '2025-06-10 11:00:00'),
(3000044, 2000015, '무대해체', '무대 구조물 해체 작업', 1, '2025-06-10 11:00:00', '2025-06-10 11:00:00'),
(3000045, 2000015, '현장청소', '철거 후 현장 청소 및 정리', 1, '2025-06-10 11:00:00', '2025-06-10 11:00:00');

INSERT INTO CheckTemplate (ctNo, ctName, ctDescription, ctStatus, createDate, updateDate, bnNo) VALUES
(4000001, '출근', '현장 도착 후 출근 여부 확인 및 보고', 1, '2025-06-07 14:00:00', '2025-06-07 14:00:00', '100-00-00001'),
(4000002, '무대준비', '무대 설치 및 장비 배치 준비', 1, '2025-06-07 14:00:00', '2025-06-07 14:00:00', '100-00-00001'),
(4000003, '정리', '행사 종료 후 장비 및 현장 정리', 1, '2025-06-07 14:00:00', '2025-06-07 14:00:00', '100-00-00001'),
(4000004, '클라이언트 접선', '클라이언트와의 첫 접선 및 인사', 1, '2025-06-07 14:00:00', '2025-06-07 14:00:00', '100-00-00001'),
(4000005, '장비점검', '마이크, 스피커 등 장비 정상 작동 여부 점검', 1, '2025-06-07 14:00:00', '2025-06-07 14:00:00', '100-00-00001'),
(4000006, '리허설', '전체 리허설 진행 및 동선 확인', 1, '2025-06-08 14:00:00', '2025-06-08 14:00:00', '100-00-00002'),
(4000007, '복장체크', '의상 착용 상태 및 복장 규정 확인', 1, '2025-06-08 14:00:00', '2025-06-08 14:00:00', '100-00-00002'),
(4000008, '스탠바이', '행사 시작 전 최종 대기 상태 점검', 1, '2025-06-08 14:00:00', '2025-06-08 14:00:00', '100-00-00002'),
(4000009, '음향테스트', '음향 장비 테스트 및 볼륨 조정', 1, '2025-06-08 14:00:00', '2025-06-08 14:00:00', '100-00-00002'),
(4000010, '조명테스트', '조명 장비 테스트 및 위치 조정', 1, '2025-06-08 14:00:00', '2025-06-08 14:00:00', '100-00-00002'),
(4000011, '보안점검', '행사장 내외부 보안 상태 확인', 1, '2025-06-08 14:00:00', '2025-06-08 14:00:00', '100-00-00002'),
(4000012, '관객응대', '관객 입장 시 응대 및 안내', 1, '2025-06-09 14:00:00', '2025-06-09 14:00:00', '100-00-00003'),
(4000013, '현장지원', '현장 내 요청사항 지원 및 처리', 1, '2025-06-09 14:00:00', '2025-06-09 14:00:00', '100-00-00003'),
(4000014, '기록촬영', '행사 중 사진 및 영상 기록 촬영', 1, '2025-06-09 14:00:00', '2025-06-09 14:00:00', '100-00-00003'),
(4000015, '마무리보고', '행사 종료 후 클라이언트에게 보고', 1, '2025-06-09 14:00:00', '2025-06-09 14:00:00', '100-00-00003');

INSERT INTO CheckTemplateItem (ctINo, ctNo, ctiTitle, ctiHelpText, ctIStatus, createDate, updateDate) VALUES
(5000001, 4000001, '출근 세부업무 1', '출근 업무를 위한 세부 작업 1 수행', 1, '2025-06-07 15:00:00', '2025-06-07 15:00:00'),
(5000002, 4000001, '출근 세부업무 2', '출근 업무를 위한 세부 작업 2 수행', 1, '2025-06-07 15:00:00', '2025-06-07 15:00:00'),
(5000003, 4000002, '무대준비 세부업무 1', '무대준비 업무를 위한 세부 작업 1 수행', 1, '2025-06-07 15:00:00', '2025-06-07 15:00:00'),
(5000004, 4000002, '무대준비 세부업무 2', '무대준비 업무를 위한 세부 작업 2 수행', 1, '2025-06-07 15:00:00', '2025-06-07 15:00:00'),
(5000005, 4000003, '정리 세부업무 1', '정리 업무를 위한 세부 작업 1 수행', 1, '2025-06-07 15:00:00', '2025-06-07 15:00:00'),
(5000006, 4000003, '정리 세부업무 2', '정리 업무를 위한 세부 작업 2 수행', 1, '2025-06-07 15:00:00', '2025-06-07 15:00:00'),
(5000007, 4000004, '클라이언트 접선 세부업무 1', '클라이언트 접선 업무를 위한 세부 작업 1 수행', 1, '2025-06-07 15:00:00', '2025-06-07 15:00:00'),
(5000008, 4000004, '클라이언트 접선 세부업무 2', '클라이언트 접선 업무를 위한 세부 작업 2 수행', 1, '2025-06-07 15:00:00', '2025-06-07 15:00:00'),
(5000009, 4000005, '장비 점검 세부업무 1', '장비 점검 업무를 위한 세부 작업 1 수행', 1, '2025-06-07 15:00:00', '2025-06-07 15:00:00'),
(5000010, 4000005, '장비 점검 세부업무 2', '장비 점검 업무를 위한 세부 작업 2 수행', 1, '2025-06-07 15:00:00', '2025-06-07 15:00:00'),
(5000011, 4000006, '현장 미팅 세부업무 1', '현장 미팅 업무를 위한 세부 작업 1 수행', 1, '2025-06-08 15:00:00', '2025-06-08 15:00:00'),
(5000012, 4000006, '현장 미팅 세부업무 2', '현장 미팅 업무를 위한 세부 작업 2 수행', 1, '2025-06-08 15:00:00', '2025-06-08 15:00:00'),
(5000013, 4000007, '리허설 세부업무 1', '리허설 업무를 위한 세부 작업 1 수행', 1, '2025-06-08 15:00:00', '2025-06-08 15:00:00'),
(5000014, 4000007, '리허설 세부업무 2', '리허설 업무를 위한 세부 작업 2 수행', 1, '2025-06-08 15:00:00', '2025-06-08 15:00:00'),
(5000015, 4000008, '음향 체크 세부업무 1', '음향 체크 업무를 위한 세부 작업 1 수행', 1, '2025-06-08 15:00:00', '2025-06-08 15:00:00'),
(5000016, 4000008, '음향 체크 세부업무 2', '음향 체크 업무를 위한 세부 작업 2 수행', 1, '2025-06-08 15:00:00', '2025-06-08 15:00:00'),
(5000017, 4000009, '조명 설정 세부업무 1', '조명 설정 업무를 위한 세부 작업 1 수행', 1, '2025-06-08 15:00:00', '2025-06-08 15:00:00'),
(5000018, 4000009, '조명 설정 세부업무 2', '조명 설정 업무를 위한 세부 작업 2 수행', 1, '2025-06-08 15:00:00', '2025-06-08 15:00:00'),
(5000019, 4000010, '관객 입장 준비 세부업무 1', '관객 입장 준비 업무를 위한 세부 작업 1 수행', 1, '2025-06-08 15:00:00', '2025-06-08 15:00:00'),
(5000020, 4000010, '관객 입장 준비 세부업무 2', '관객 입장 준비 업무를 위한 세부 작업 2 수행', 1, '2025-06-08 15:00:00', '2025-06-08 15:00:00'),
(5000021, 4000011, '공연 시작 세부업무 1', '공연 시작 업무를 위한 세부 작업 1 수행', 1, '2025-06-09 15:00:00', '2025-06-09 15:00:00'),
(5000022, 4000011, '공연 시작 세부업무 2', '공연 시작 업무를 위한 세부 작업 2 수행', 1, '2025-06-09 15:00:00', '2025-06-09 15:00:00'),
(5000023, 4000012, '공연 진행 세부업무 1', '공연 진행 업무를 위한 세부 작업 1 수행', 1, '2025-06-09 15:00:00', '2025-06-09 15:00:00'),
(5000024, 4000012, '공연 진행 세부업무 2', '공연 진행 업무를 위한 세부 작업 2 수행', 1, '2025-06-09 15:00:00', '2025-06-09 15:00:00'),
(5000025, 4000013, '공연 종료 세부업무 1', '공연 종료 업무를 위한 세부 작업 1 수행', 1, '2025-06-09 15:00:00', '2025-06-09 15:00:00'),
(5000026, 4000013, '공연 종료 세부업무 2', '공연 종료 업무를 위한 세부 작업 2 수행', 1, '2025-06-09 15:00:00', '2025-06-09 15:00:00'),
(5000027, 4000014, '퇴장 유도 세부업무 1', '퇴장 유도 업무를 위한 세부 작업 1 수행', 1, '2025-06-09 15:00:00', '2025-06-09 15:00:00'),
(5000028, 4000014, '퇴장 유도 세부업무 2', '퇴장 유도 업무를 위한 세부 작업 2 수행', 1, '2025-06-09 15:00:00', '2025-06-09 15:00:00'),
(5000029, 4000015, '현장 철수 세부업무 1', '현장 철수 업무를 위한 세부 작업 1 수행', 1, '2025-06-09 15:00:00', '2025-06-09 15:00:00'),
(5000030, 4000015, '현장 철수 세부업무 2', '현장 철수 업무를 위한 세부 작업 2 수행', 1, '2025-06-09 15:00:00', '2025-06-09 15:00:00');

INSERT INTO ProjectInfo ( pjNo, pjName, pjMemo, pjStartDate, pjEndDate, roadAddress, detailAddress,  clientName, clientPhone, clientMemo, pjStatus, createDate, updateDate, bnNo, clientRepresent ) VALUES
(6000001, '인천 여름 페스티벌', '인천시청 주관 여름 음악 축제', '2025-07-01', '2025-07-03', '인천광역시 남동구 인하로 100', '야외무대 A구역', '인천시청 문화과', '032-123-4567', '행사 당일 9시까지 무대 설치 완료 요청', 1, '2025-06-11 10:00:00', '2025-06-11 10:00:00', '100-00-00001', '홍길동'),
(6000002, '부천 거리 공연', '부천시 거리 예술 공연', '2025-08-15', '2025-08-16', '경기도 부천시 부천로 123', '중앙공원 앞', '부천문화재단', '032-987-6543', '공연자 대기 공간 별도 마련 요청', 1, '2025-06-11 10:00:00', '2025-06-11 10:00:00', '100-00-00002', '김나영'),
(6000003, '인천 바다 콘서트', '해변에서 진행되는 야외 콘서트', '2025-09-05', '2025-09-06', '인천광역시 중구 신포로 33', '해변 특설무대', '인천관광공사', '032-555-7890', '조명 설치 및 리허설 일정 공유 요청', 1, '2025-06-11 10:00:00', '2025-06-11 10:00:00', '100-00-00003', '이수민'),
(6000004, '부천 청소년 댄스대회', '청소년 대상 댄스 경연 행사', '2025-10-10', '2025-10-11', '경기도 부천시 중동로 55', '부천시민회관', '부천청소년센터', '032-777-8888', '심사위원 대기실 별도 구성 요청', 1, '2025-06-12 10:00:00', '2025-06-12 10:00:00', '100-00-00002', '박지훈'),
(6000005, '인천 독립영화제', '독립영화 상영 및 감독과의 대화', '2025-11-20', '2025-11-22', '인천광역시 미추홀구 석바위로 45', '문화예술회관 2층', '인천영화진흥원', '032-333-4444', '상영관 음향 점검 필수', 1, '2025-06-13 10:00:00', '2025-06-13 10:00:00', '100-00-00001', '최유진'),
(6000006, '부천 겨울 거리축제', '부천시 주관 겨울 거리 퍼레이드 및 공연', '2025-12-20', '2025-12-22', '경기도 부천시 길주로 210', '중앙광장', '부천시청 문화관광과', '032-222-3333', '퍼레이드 시작 전 안전 점검 필수', 1, '2025-06-14 10:00:00', '2025-06-14 10:00:00', '100-00-00001', '정민호'),
(6000007, '인천 송년 콘서트', '인천시민 대상 송년 음악회', '2025-12-31', '2026-01-01', '인천광역시 연수구 송도과학로 16', '컨벤시아 홀 A', '인천문화재단', '032-444-5555', '리허설은 행사 하루 전 진행', 1, '2025-06-14 10:00:00', '2025-06-14 10:00:00', '100-00-00002', '한지은'),
(6000008, '부천 청소년 영화제', '청소년 대상 단편영화 상영 및 시상식', '2026-02-10', '2026-02-12', '경기도 부천시 부천로 123', '부천문화예술회관', '부천영화진흥원', '032-666-7777', '심사위원 대기실 별도 구성 요청', 1, '2025-06-14 10:00:00', '2025-06-14 10:00:00', '100-00-00003', '서지훈'),
(6000009, '인천 봄맞이 거리공연', '봄 시즌 거리 예술 공연', '2026-03-25', '2026-03-26', '인천광역시 중구 신포로 33', '신포시장 앞 거리', '인천예술협회', '032-888-9999', '공연자 대기 공간 별도 마련 요청', 1, '2025-06-15 10:00:00', '2025-06-15 10:00:00', '100-00-00001', '오세진'),
(6000010, '부천 봄꽃 페스티벌', '부천시 주관 봄꽃 전시 및 문화행사', '2026-04-10', '2026-04-12', '경기도 부천시 중동로 55', '중동 시민공원', '부천시청 녹지과', '032-111-2222', '꽃 전시물 설치는 행사 하루 전 완료', 1, '2025-06-15 10:00:00', '2025-06-15 10:00:00', '100-00-00002', '장예린');

INSERT INTO pjWorker ( pjRoleName, pjRoleLv, pjRoleDescription, pjRoleStatus, createDate, updateDate, userNo, pjNo) VALUES 
('관객관리', 5, '관객관리 역할을 수행하며 보안 관련 업무를 담당합니다.', 1, '2025-06-01 12:00:00', '2025-06-01 12:00:00', 1000015, 6000001),
('스케줄관리', 4, '스케줄관리 역할을 수행하며 총괄 관련 업무를 담당합니다.', 1, '2025-06-01 12:00:00', '2025-06-01 12:00:00', 1000010, 6000001),
('조명설치', 3, '조명설치 역할을 수행하며 조명 관련 업무를 담당합니다.', 1, '2025-06-01 12:00:00', '2025-06-01 12:00:00', 1000010, 6000001),
('조명설치', 3, '조명설치 역할을 수행하며 조명 관련 업무를 담당합니다.', 1, '2025-06-01 12:00:00', '2025-06-01 12:00:00', 1000014, 6000002),
('인력관리', 1, '인력관리 역할을 수행하며 총괄 관련 업무를 담당합니다.', 1, '2025-06-01 12:00:00', '2025-06-01 12:00:00', 1000011, 6000002),
('관객석청소', 2, '관객석청소 역할을 수행하며 청소 관련 업무를 담당합니다.', 1, '2025-06-01 12:00:00', '2025-06-01 12:00:00', 1000006, 6000002),
('조명조정', 3, '조명조정 역할을 수행하며 조명 관련 업무를 담당합니다.', 1, '2025-06-01 12:00:00', '2025-06-01 12:00:00', 1000008, 6000003),
('사진촬영', 2, '사진촬영 역할을 수행하며 촬영 관련 업무를 담당합니다.', 1, '2025-06-01 12:00:00', '2025-06-01 12:00:00', 1000004, 6000003),
('음향철거', 2, '음향철거 역할을 수행하며 음향 관련 업무를 담당합니다.', 1, '2025-06-01 12:00:00', '2025-06-01 12:00:00', 1000018, 6000003),
('비상대응', 5, '비상대응 역할을 수행하며 보안 관련 업무를 담당합니다.', 1, '2025-06-01 12:00:00', '2025-06-01 12:00:00', 1000004, 6000004),
('음향조정', 1, '음향조정 역할을 수행하며 음향 관련 업무를 담당합니다.', 1, '2025-06-01 12:00:00', '2025-06-01 12:00:00', 1000013, 6000004),
('무대청소', 2, '무대청소 역할을 수행하며 청소 관련 업무를 담당합니다.', 1, '2025-06-01 12:00:00', '2025-06-01 12:00:00', 1000010, 6000004),
('조명설치', 3, '조명설치 역할을 수행하며 조명 관련 업무를 담당합니다.', 1, '2025-06-01 12:00:00', '2025-06-01 12:00:00', 1000015, 6000005),
('폐기물처리', 1, '폐기물처리 역할을 수행하며 청소 관련 업무를 담당합니다.', 1, '2025-06-01 12:00:00', '2025-06-01 12:00:00', 1000020, 6000005),
('비상대응', 5, '비상대응 역할을 수행하며 보안 관련 업무를 담당합니다.', 1, '2025-06-01 12:00:00', '2025-06-01 12:00:00', 1000009, 6000005),
('무대음향', 3, '무대음향 역할을 수행하며 무대 관련 업무를 담당합니다.', 1, '2025-06-01 12:00:00', '2025-06-01 12:00:00', 1000013, 6000006),
('일반삐에로', 4, '일반삐에로 역할을 수행하며 삐에로 관련 업무를 담당합니다.', 1, '2025-06-01 12:00:00', '2025-06-01 12:00:00', 1000001, 6000006),
('조명설치', 1, '조명설치 역할을 수행하며 조명 관련 업무를 담당합니다.', 1, '2025-06-01 12:00:00', '2025-06-01 12:00:00', 1000009, 6000006),
('좌석안내', 3, '좌석안내 역할을 수행하며 안내 관련 업무를 담당합니다.', 1, '2025-06-01 12:00:00', '2025-06-01 12:00:00', 1000020, 6000007),
('음향조정', 3, '음향조정 역할을 수행하며 음향 관련 업무를 담당합니다.', 1, '2025-06-01 12:00:00', '2025-06-01 12:00:00', 1000016, 6000007),
('일반삐에로', 5, '일반삐에로 역할을 수행하며 삐에로 관련 업무를 담당합니다.', 1, '2025-06-01 12:00:00', '2025-06-01 12:00:00', 1000003, 6000007),
('고급삐에로', 1, '고급삐에로 역할을 수행하며 삐에로 관련 업무를 담당합니다.', 1, '2025-06-01 12:00:00', '2025-06-01 12:00:00', 1000015, 6000008),
('음향조정', 1, '음향조정 역할을 수행하며 음향 관련 업무를 담당합니다.', 1, '2025-06-01 12:00:00', '2025-06-01 12:00:00', 1000016, 6000008),
('관객안내', 3, '관객안내 역할을 수행하며 안내 관련 업무를 담당합니다.', 1, '2025-06-01 12:00:00', '2025-06-01 12:00:00', 1000007, 6000008),
('관객관리', 1, '관객관리 역할을 수행하며 보안 관련 업무를 담당합니다.', 1, '2025-06-01 12:00:00', '2025-06-01 12:00:00', 1000001, 6000009),
('현장총괄', 3, '현장총괄 역할을 수행하며 총괄 관련 업무를 담당합니다.', 1, '2025-06-01 12:00:00', '2025-06-01 12:00:00', 1000014, 6000009),
('사진촬영', 5, '사진촬영 역할을 수행하며 촬영 관련 업무를 담당합니다.', 1, '2025-06-01 12:00:00', '2025-06-01 12:00:00', 1000010, 6000009),
('출입통제', 4, '출입통제 역할을 수행하며 보안 관련 업무를 담당합니다.', 1, '2025-06-01 12:00:00', '2025-06-01 12:00:00', 1000005, 6000010),
('풍선삐에로', 3, '풍선삐에로 역할을 수행하며 삐에로 관련 업무를 담당합니다.', 1, '2025-06-01 12:00:00', '2025-06-01 12:00:00', 1000008, 6000010),
('좌석안내', 3, '좌석안내 역할을 수행하며 안내 관련 업무를 담당합니다.', 1, '2025-06-01 12:00:00', '2025-06-01 12:00:00', 1000001, 6000010);

INSERT INTO PjChecklistItem (pjChkItemNo, pjNo, pjChklTitle, pjHelpText, pjChkIStatus, createDate, updateDate) VALUES
(8000001, 6000001, '출근확인 세부업무 1', '출근확인 수행을 위한 세부 작업 1', 1, '2025-06-01 14:00:00', '2025-06-06 10:00:00'),
(8000002, 6000001, '출근확인 세부업무 2', '출근확인 수행을 위한 세부 작업 2', 1, '2025-06-01 14:00:00', '2025-06-06 10:00:00'),
(8000003, 6000001, '출근확인 세부업무 3', '출근확인 수행을 위한 세부 작업 3', 1, '2025-06-01 14:00:00', '2025-06-06 10:00:00'),
(8000004, 6000001, '출근확인 세부업무 4', '출근확인 수행을 위한 세부 작업 4', 1, '2025-06-01 14:00:00', '2025-06-06 10:00:00'),
(8000005, 6000001, '출근확인 세부업무 5', '출근확인 수행을 위한 세부 작업 5', 1, '2025-06-01 14:00:00', '2025-06-06 10:00:00'),
(8000006, 6000001, '무대준비 세부업무 1', '무대준비 수행을 위한 세부 작업 1', 1, '2025-06-01 14:00:00', '2025-06-06 10:00:00'),
(8000007, 6000001, '무대준비 세부업무 2', '무대준비 수행을 위한 세부 작업 2', 1, '2025-06-01 14:00:00', '2025-06-06 10:00:00'),
(8000008, 6000001, '무대준비 세부업무 3', '무대준비 수행을 위한 세부 작업 3', 1, '2025-06-01 14:00:00', '2025-06-06 10:00:00'),
(8000009, 6000001, '무대준비 세부업무 4', '무대준비 수행을 위한 세부 작업 4', 1, '2025-06-01 14:00:00', '2025-06-06 10:00:00'),
(8000010, 6000001, '무대준비 세부업무 5', '무대준비 수행을 위한 세부 작업 5', 1, '2025-06-01 14:00:00', '2025-06-06 10:00:00'),
(8000011, 6000001, '조명점검 세부업무 1', '조명점검 수행을 위한 세부 작업 1', 1, '2025-06-01 14:00:00', '2025-06-06 10:00:00'),
(8000012, 6000001, '조명점검 세부업무 2', '조명점검 수행을 위한 세부 작업 2', 1, '2025-06-01 14:00:00', '2025-06-06 10:00:00'),
(8000013, 6000001, '조명점검 세부업무 3', '조명점검 수행을 위한 세부 작업 3', 1, '2025-06-01 14:00:00', '2025-06-06 10:00:00'),
(8000014, 6000001, '조명점검 세부업무 4', '조명점검 수행을 위한 세부 작업 4', 1, '2025-06-01 14:00:00', '2025-06-06 10:00:00'),
(8000015, 6000001, '조명점검 세부업무 5', '조명점검 수행을 위한 세부 작업 5', 1, '2025-06-01 14:00:00', '2025-06-06 10:00:00'),
(8000016, 6000001, '음향점검 세부업무 1', '음향점검 수행을 위한 세부 작업 1', 1, '2025-06-01 14:00:00', '2025-06-06 10:00:00'),
(8000017, 6000001, '음향점검 세부업무 2', '음향점검 수행을 위한 세부 작업 2', 1, '2025-06-01 14:00:00', '2025-06-06 10:00:00'),
(8000018, 6000001, '음향점검 세부업무 3', '음향점검 수행을 위한 세부 작업 3', 1, '2025-06-01 14:00:00', '2025-06-06 10:00:00'),
(8000019, 6000001, '음향점검 세부업무 4', '음향점검 수행을 위한 세부 작업 4', 1, '2025-06-01 14:00:00', '2025-06-06 10:00:00'),
(8000020, 6000001, '음향점검 세부업무 5', '음향점검 수행을 위한 세부 작업 5', 1, '2025-06-01 14:00:00', '2025-06-06 10:00:00'),
(8000021, 6000001, '클라이언트 접선 세부업무 1', '클라이언트 접선 수행을 위한 세부 작업 1', 1, '2025-06-01 14:00:00', '2025-06-06 10:00:00'),
(8000022, 6000001, '클라이언트 접선 세부업무 2', '클라이언트 접선 수행을 위한 세부 작업 2', 1, '2025-06-01 14:00:00', '2025-06-06 10:00:00'),
(8000023, 6000001, '클라이언트 접선 세부업무 3', '클라이언트 접선 수행을 위한 세부 작업 3', 1, '2025-06-01 14:00:00', '2025-06-06 10:00:00'),
(8000024, 6000001, '클라이언트 접선 세부업무 4', '클라이언트 접선 수행을 위한 세부 작업 4', 1, '2025-06-01 14:00:00', '2025-06-06 10:00:00'),
(8000025, 6000001, '클라이언트 접선 세부업무 5', '클라이언트 접선 수행을 위한 세부 작업 5', 1, '2025-06-01 14:00:00', '2025-06-06 10:00:00'),
(8000026, 6000001, '행사 마무리 세부업무 1', '행사 마무리 수행을 위한 세부 작업 1', 1, '2025-06-01 14:00:00', '2025-06-06 10:00:00'),
(8000027, 6000001, '행사 마무리 세부업무 2', '행사 마무리 수행을 위한 세부 작업 2', 1, '2025-06-01 14:00:00', '2025-06-06 10:00:00'),
(8000028, 6000001, '행사 마무리 세부업무 3', '행사 마무리 수행을 위한 세부 작업 3', 1, '2025-06-01 14:00:00', '2025-06-06 10:00:00'),
(8000029, 6000001, '행사 마무리 세부업무 4', '행사 마무리 수행을 위한 세부 작업 4', 1, '2025-06-01 14:00:00', '2025-06-06 10:00:00'),
(8000030, 6000001, '행사 마무리 세부업무 5', '행사 마무리 수행을 위한 세부 작업 5', 1, '2025-06-01 14:00:00', '2025-06-06 10:00:00');

INSERT INTO pjPerform (pfNo, pjChkItemNo, pjRoleNo, pfStart, pfEnd, notifyType, notifySetMins, pfStatus, note, createDate, updateDate) VALUES
(9000001, 8000001, 7000001, '08:00:00', '08:30:00', 1, 5, 3, '업무 수행 메모 1', '2025-06-06 10:00:00', '2025-06-07 08:30:00'),
(9000002, 8000002, 7000002, '10:40:00', '11:10:00', 1, 5, 3, '업무 수행 메모 2', '2025-06-06 10:00:00', '2025-06-07 11:10:00'),
(9000003, 8000003, 7000003, '08:50:00', '09:20:00', 1, 5, 3, '업무 수행 메모 3', '2025-06-06 10:00:00', '2025-06-07 09:20:00'),
(9000004, 8000004, 7000004, '12:20:00', '12:50:00', 1, 5, 3, '업무 수행 메모 4', '2025-06-06 10:00:00', '2025-06-07 12:50:00'),
(9000005, 8000005, 7000005, '16:10:00', '16:40:00', 1, 5, 3, NULL, '2025-06-06 10:00:00', '2025-06-07 16:40:00'),
(9000006, 8000006, 7000001, '08:10:00', '08:40:00', 1, 5, 3, '업무 수행 메모 6', '2025-06-06 10:00:00', '2025-06-07 08:40:00'),
(9000007, 8000007, 7000002, '11:50:00', '12:20:00', 1, 5, 3, '업무 수행 메모 7', '2025-06-06 10:00:00', '2025-06-07 12:20:00'),
(9000008, 8000008, 7000003, '12:50:00', '13:20:00', 1, 5, 3, '업무 수행 메모 8', '2025-06-06 10:00:00', '2025-06-07 13:20:00'),
(9000009, 8000009, 7000004, '09:20:00', '09:50:00', 1, 5, 3, NULL, '2025-06-06 10:00:00', '2025-06-07 09:50:00'),
(9000010, 8000010, 7000005, '12:00:00', '12:30:00', 1, 5, 3, '업무 수행 메모 10', '2025-06-06 10:00:00', '2025-06-07 12:30:00'),
(9000011, 8000011, 7000001, '10:40:00', '11:10:00', 1, 5, 3, '업무 수행 메모 11', '2025-06-06 10:00:00', '2025-06-07 11:10:00'),
(9000012, 8000012, 7000002, '12:40:00', '13:10:00', 1, 5, 3, '업무 수행 메모 12', '2025-06-06 10:00:00', '2025-06-07 13:10:00'),
(9000013, 8000013, 7000003, '11:30:00', '12:00:00', 1, 5, 3, '업무 수행 메모 13', '2025-06-06 10:00:00', '2025-06-07 12:00:00'),
(9000014, 8000014, 7000004, '16:00:00', '16:30:00', 1, 5, 3, '업무 수행 메모 14', '2025-06-06 10:00:00', '2025-06-07 16:30:00'),
(9000015, 8000015, 7000005, '13:40:00', '14:10:00', 1, 5, 3, '업무 수행 메모 15', '2025-06-06 10:00:00', '2025-06-07 14:10:00'),
(9000016, 8000016, 7000001, '17:50:00', '18:20:00', 1, 5, 3, NULL, '2025-06-06 10:00:00', '2025-06-07 18:20:00'),
(9000017, 8000017, 7000002, '12:00:00', '12:30:00', 1, 5, 3, '업무 수행 메모 17', '2025-06-06 10:00:00', '2025-06-07 12:30:00'),
(9000018, 8000018, 7000003, '15:10:00', '15:40:00', 1, 5, 3, '업무 수행 메모 18', '2025-06-06 10:00:00', '2025-06-07 15:40:00'),
(9000019, 8000019, 7000004, '13:20:00', '13:50:00', 1, 5, 3, '업무 수행 메모 19', '2025-06-06 10:00:00', '2025-06-07 13:50:00'),
(9000020, 8000020, 7000005, '10:10:00', '10:40:00', 1, 5, 3, '업무 수행 메모 20', '2025-06-06 10:00:00', '2025-06-07 10:40:00'),
(9000021, 8000021, 7000001, '10:00:00', '10:30:00', 1, 5, 3, '업무 수행 메모 21', '2025-06-06 10:00:00', '2025-06-07 10:30:00'),
(9000022, 8000022, 7000002, '14:50:00', '15:20:00', 1, 5, 3, '업무 수행 메모 22', '2025-06-06 10:00:00', '2025-06-07 15:20:00'),
(9000023, 8000023, 7000003, '12:40:00', '13:10:00', 1, 5, 3, '업무 수행 메모 23', '2025-06-06 10:00:00', '2025-06-07 13:10:00'),
(9000024, 8000024, 7000004, '12:40:00', '13:10:00', 1, 5, 3, NULL, '2025-06-06 10:00:00', '2025-06-07 13:10:00'),
(9000025, 8000025, 7000005, '10:40:00', '11:10:00', 1, 5, 3, NULL, '2025-06-06 10:00:00', '2025-06-07 11:10:00'),
(9000026, 8000026, 7000001, '13:40:00', '14:10:00', 1, 5, 3, '업무 수행 메모 26', '2025-06-06 10:00:00', '2025-06-07 14:10:00'),
(9000027, 8000027, 7000002, '11:10:00', '11:40:00', 1, 5, 3, '업무 수행 메모 27', '2025-06-06 10:00:00', '2025-06-07 11:40:00'),
(9000028, 8000028, 7000003, '08:40:00', '09:10:00', 1, 5, 3, '업무 수행 메모 28', '2025-06-06 10:00:00', '2025-06-07 09:10:00'),
(9000029, 8000029, 7000004, '10:10:00', '10:40:00', 1, 5, 3, '업무 수행 메모 29', '2025-06-06 10:00:00', '2025-06-07 10:40:00'),
(9000030, 8000030, 7000005, '12:30:00', '13:00:00', 1, 5, 3, NULL, '2025-06-06 10:00:00', '2025-06-07 13:00:00');
 
 INSERT INTO pjPerformFile (fileNo, pfNo, fileName, createDate) VALUES 
(10000001, 9000002, '업무파일_1.jpg', '2025-06-07 10:00:00'),
(10000002, 9000003, '업무파일_2.jpg', '2025-06-07 10:00:00'),
(10000003, 9000004, '업무파일_3.jpg', '2025-06-07 10:00:00'),
(10000004, 9000007, '업무파일_4.jpg', '2025-06-07 10:00:00'),
(10000005, 9000009, '업무파일_5.jpg', '2025-06-07 10:00:00'),
(10000006, 9000010, '업무파일_6.jpg', '2025-06-07 10:00:00'),
(10000007, 9000013, '업무파일_7.jpg', '2025-06-07 10:00:00'),
(10000008, 9000015, '업무파일_8.jpg', '2025-06-07 10:00:00'),
(10000009, 9000016, '업무파일_9.jpg', '2025-06-07 10:00:00'),
(10000010, 9000017, '업무파일_10.jpg', '2025-06-07 10:00:00');



INSERT INTO ChatRoom (roomNo, roomName, creatorUserNo, isGroup, createdDate, updateDate) VALUES (11000001, 'Chat with 1000002', 1000001, FALSE, NOW(), NOW());
INSERT INTO ChatRoom (roomNo, roomName, creatorUserNo, isGroup, createdDate, updateDate) VALUES (11000002, 'Chat with 1000003', 1000001, FALSE, NOW(), NOW());
INSERT INTO ChatRoom (roomNo, roomName, creatorUserNo, isGroup, createdDate, updateDate) VALUES (11000003, 'Chat with 1000004', 1000001, FALSE, NOW(), NOW());
INSERT INTO ChatRoom (roomNo, roomName, creatorUserNo, isGroup, createdDate, updateDate) VALUES (11000004, 'Chat with 1000005', 1000001, FALSE, NOW(), NOW());
INSERT INTO ChatRoomUser (roomNo, userNo, joinDate) VALUES (11000001, 1000001, NOW());
INSERT INTO ChatRoomUser (roomNo, userNo, joinDate) VALUES (11000001, 1000002, NOW());
INSERT INTO ChatRoomUser (roomNo, userNo, joinDate) VALUES (11000002, 1000001, NOW());
INSERT INTO ChatRoomUser (roomNo, userNo, joinDate) VALUES (11000002, 1000003, NOW());
INSERT INTO ChatRoomUser (roomNo, userNo, joinDate) VALUES (11000003, 1000001, NOW());
INSERT INTO ChatRoomUser (roomNo, userNo, joinDate) VALUES (11000003, 1000004, NOW());
INSERT INTO ChatRoomUser (roomNo, userNo, joinDate) VALUES (11000004, 1000001, NOW());
INSERT INTO ChatRoomUser (roomNo, userNo, joinDate) VALUES (11000004, 1000005, NOW());
INSERT INTO ChatMessage (messageNo, roomNO, sendUserNo, message, sentDate) VALUES (15000001, 11000001, 1000001, '감사합니다!', '2025-07-01 12:00:00');
INSERT INTO ChatMessage (messageNo, roomNO, sendUserNo, message, sentDate) VALUES (15000002, 11000001, 1000002, '잘 지내시죠?', '2025-07-01 12:05:00');
INSERT INTO ChatMessage (messageNo, roomNO, sendUserNo, message, sentDate) VALUES (15000003, 11000001, 1000001, '감사합니다!', '2025-07-01 12:10:00');
INSERT INTO ChatMessage (messageNo, roomNO, sendUserNo, message, sentDate) VALUES (15000004, 11000001, 1000002, '어떤 기능이 필요할까요?', '2025-07-01 12:15:00');
INSERT INTO ChatMessage (messageNo, roomNO, sendUserNo, message, sentDate) VALUES (15000005, 11000001, 1000001, '네, 확인했습니다.', '2025-07-01 12:20:00');
INSERT INTO ChatMessage (messageNo, roomNO, sendUserNo, message, sentDate) VALUES (15000006, 11000001, 1000002, '잘 지내시죠?', '2025-07-01 12:25:00');
INSERT INTO ChatMessage (messageNo, roomNO, sendUserNo, message, sentDate) VALUES (15000007, 11000002, 1000001, '어떤 기능이 필요할까요?', '2025-07-01 12:30:00');
INSERT INTO ChatMessage (messageNo, roomNO, sendUserNo, message, sentDate) VALUES (15000008, 11000002, 1000003, '어떤 기능이 필요할까요?', '2025-07-01 12:35:00');
INSERT INTO ChatMessage (messageNo, roomNO, sendUserNo, message, sentDate) VALUES (15000009, 11000002, 1000001, '곧 회의가 있어요.', '2025-07-01 12:40:00');
INSERT INTO ChatMessage (messageNo, roomNO, sendUserNo, message, sentDate) VALUES (15000010, 11000002, 1000003, '곧 회의가 있어요.', '2025-07-01 12:45:00');
INSERT INTO ChatMessage (messageNo, roomNO, sendUserNo, message, sentDate) VALUES (15000011, 11000002, 1000001, '이 기능 테스트 중이에요.', '2025-07-01 12:50:00');
INSERT INTO ChatMessage (messageNo, roomNO, sendUserNo, message, sentDate) VALUES (15000012, 11000003, 1000001, '감사합니다!', '2025-07-01 12:55:00');
INSERT INTO ChatMessage (messageNo, roomNO, sendUserNo, message, sentDate) VALUES (15000013, 11000003, 1000004, '안녕하세요!', '2025-07-01 13:00:00');
INSERT INTO ChatMessage (messageNo, roomNO, sendUserNo, message, sentDate) VALUES (15000014, 11000003, 1000001, '어떤 기능이 필요할까요?', '2025-07-01 13:05:00');
INSERT INTO ChatMessage (messageNo, roomNO, sendUserNo, message, sentDate) VALUES (15000015, 11000003, 1000004, '잘 지내시죠?', '2025-07-01 13:10:00');
INSERT INTO ChatMessage (messageNo, roomNO, sendUserNo, message, sentDate) VALUES (15000016, 11000003, 1000001, '채팅방을 만들어봤어요.', '2025-07-01 13:15:00');
INSERT INTO ChatMessage (messageNo, roomNO, sendUserNo, message, sentDate) VALUES (15000017, 11000004, 1000001, '안녕하세요!', '2025-07-01 13:20:00');
INSERT INTO ChatMessage (messageNo, roomNO, sendUserNo, message, sentDate) VALUES (15000018, 11000004, 1000005, '곧 회의가 있어요.', '2025-07-01 13:25:00');
INSERT INTO ChatMessage (messageNo, roomNO, sendUserNo, message, sentDate) VALUES (15000019, 11000004, 1000001, '채팅방을 만들어봤어요.', '2025-07-01 13:30:00');
INSERT INTO ChatMessage (messageNo, roomNO, sendUserNo, message, sentDate) VALUES (15000020, 11000004, 1000005, '감사합니다!', '2025-07-01 13:35:00');
INSERT INTO ChatMessage (messageNo, roomNO, sendUserNo, message, sentDate) VALUES (15000021, 11000004, 1000001, '네, 확인했습니다.', '2025-07-01 13:40:00');
INSERT INTO ChatMessage (messageNo, roomNO, sendUserNo, message, sentDate) VALUES (15000022, 11000004, 1000005, '그럼 그렇게 진행하겠습니다.', '2025-07-01 13:45:00');

select * from Users;
select * from BusinessUser;
select * from RoleTemplate;
select * from RoleTemplateItem;
select * from CheckTemplate;
select * from CheckTemplateItem;
select * from ProjectInfo;
select * from pjWorker;
select * from PjChecklistItem;
select * from pjPerform;
select * from pjPerformFile;
select * from chatRoom;
select * from chatRoomUser;
select * from chatMessage;