
INSERT INTO Users (userNo, email, userName, userPhone, roadAddress, detailAddress, userStatus, createDate, updateDate) VALUES
(1000001, 'mx2ur43n@example.com', '김민수', '010-5636-0000', '인천광역시 남동구 인하로 100', '923호', 1, '2025-06-01 00:00:00', '2025-06-01 00:00:00'), -- bn 하늘정보기획
(1000002, 'ahrqigta@example.com', '이서연', '010-7079-0000', '인천광역시 연수구 송도과학로 16', '479호', 1, '2025-06-01 00:00:00', '2025-06-07 00:00:00'), -- bn 푸른기획
(1000003, '9wnitcn0@example.com', '박지훈', '010-7145-0000', '인천광역시 부평구 경원대로 123', '131호', 1, '2025-06-01 00:00:00', '2025-06-07 00:00:00'),
(1000004, 'je82aj2j@example.com', '최유진', '010-1173-0000', '인천광역시 서구 검단로 113', '332호', 1, '2025-06-02 00:00:00', '2025-06-10 00:00:00'),
(1000005, 'k51v9qj5@example.com', '정하늘', '010-8237-0000', '인천광역시 미추홀구 석바위로 45', '358호', 1, '2025-06-02 00:00:00', '2025-06-14 00:00:00'), -- bn 빛나는 컴퍼니
(1000006, 'ux3y4vpb@example.com', '윤지호', '010-4214-0000', '인천광역시 동구 화도진로 77', '232호', 1, '2025-06-02 00:00:00', '2025-06-22 00:00:00'),
(1000007, '81hgmkcr@example.com', '장예린', '010-2805-0000', '경기도 부천시 길주로 210', '827호', 1, '2025-06-03 00:00:00', '2025-06-24 00:00:00'),
(1000008, 'na63gnjj@example.com', '한도윤', '010-2812-0000', '경기도 부천시 부천로 123', '981호', 1, '2025-06-03 00:00:00', '2025-07-03 00:00:00'),
(1000009, '1ghlv1ud@example.com', '오지민', '010-4344-0000', '경기도 부천시 소사로 88', '623호', 1, '2025-06-04 00:00:00', '2025-07-04 00:00:00'),
(1000010, 'iey28ret@example.com', '신유나', '010-8772-0000', '경기도 부천시 중동로 55', '792호', 1, '2025-06-04 00:00:00', '2025-07-08 00:00:00'),
(1000011, '1cxcst89@example.com', '홍지훈', '010-9301-0000', '경기도 부천시 오정로 99', '746호', 1, '2025-06-04 00:00:00', '2025-07-08 00:00:00'),
(1000012, 'j0vacbxq@example.com', '강민지', '010-9526-0000', '경기도 부천시 상동로 66', '420호', 1, '2025-06-05 00:00:00', '2025-07-16 00:00:00'),
(1000013, 'dki7lg08@example.com', '배수현', '010-6505-0000', '인천광역시 계양구 계산로 101', '487호', 1, '2025-06-05 00:00:00', '2025-07-23 00:00:00'),
(1000014, '1bzileof@example.com', '조예진', '010-9627-0000', '인천광역시 중구 신포로 33', '665호', 1, '2025-06-05 00:00:00', '2025-07-30 00:00:00'),
(1000015, 'kg7pdfxa@example.com', '임도현', '010-1749-0000', '인천광역시 강화군 강화대로 77', '251호', 1, '2025-06-06 00:00:00', '2025-08-01 00:00:00'),
(1000016, 'wg3yb2yt@example.com', '서지우', '010-4216-0000', '경기도 부천시 원미로 22', '951호', 1, '2025-06-07 00:00:00', '2025-08-08 00:00:00'),
(1000017, '5se2oa67@example.com', '문지훈', '010-1667-0000', '경기도 부천시 역곡로 11', '489호', 1, '2025-06-07 00:00:00', '2025-08-12 00:00:00'),
(1000018, 't32ytofo@example.com', '권민서', '010-7069-0000', '경기도 부천시 춘의로 44', '572호', 1, '2025-06-07 00:00:00', '2025-08-14 00:00:00'),
(1000019, '1u8it399@example.com', '안예준', '010-4189-0000', '인천광역시 남구 주안로 88', '390호', 1, '2025-06-08 00:00:00', '2025-08-14 00:00:00'),
(1000020, 'nlit1p5u@example.com', '남하늘', '010-1696-0000', '인천광역시 서구 청라대로 55', '334호', 1, '2025-06-08 00:00:00', '2025-08-17 00:00:00');

INSERT INTO BusinessUser (bnNo, bnName, managerName, managerPhone, bnDocuImg, bnType, bnItem, bnStatus, createDate, updateDate, userNo) VALUES
('100-00-00001', '하늘정보기술', '김하늘', '010-8708-0000', '사업자등록증1_sample.png', '지방자치단체', '지방자치단체', 1, '2025-06-01 00:00:00', '2025-06-01 00:00:00', 1000001),
('100-00-00002', '푸른기획', '이도윤', '010-8438-0000', '사업자등록증2_sample.png', '유통업', '식품', 1, '2025-06-01 00:00:00', '2025-06-07 00:00:00', 1000002),
('100-00-00003', '빛나는컴퍼니', '박예진', '010-3595-0000', '사업자등록증3_sample.png', '제조업', '전자기기', 1, '2025-06-02 00:00:00', '2025-06-14 00:00:00', 1000005);

/* 1) 대분류: RoleTemplate (bnNo 3곳에 맞춘 현실 카테고리) */
INSERT INTO RoleTemplate (rtNo, bnNo, rtName, rtDescription, rtStatus, createDate, updateDate) VALUES
-- [하늘정보기술 / 지방자치단체] : 운영·무대·조명·음향·의전/안내
(2000001, '100-00-00001', '현장운영',        '행사 전반 운영, 콜/무전, 러닝 관리',                                  1, '2025-06-07 09:00:00', '2025-06-07 09:00:00'),
(2000002, '100-00-00001', '무대(스테이지)',  '무대 설치·전환·안전 관리',                                            1, '2025-06-07 09:10:00', '2025-06-07 09:10:00'),
(2000003, '100-00-00001', '조명',            '조명 설계/오퍼레이션·리깅·전기',                                       1, '2025-06-07 09:20:00', '2025-06-07 09:20:00'),
(2000004, '100-00-00001', '음향',            'FOH·모니터·시스템 튜닝·RF 관리',                                       1, '2025-06-07 09:30:00', '2025-06-07 09:30:00'),
(2000005, '100-00-00001', '의전·안내',       'VIP 의전·리셉션/등록·좌석/동선 안내',                                  1, '2025-06-07 09:40:00', '2025-06-07 09:40:00'),

-- [푸른기획 / 유통·식품 프로모션] : 프로모션·MC·보안·촬영·영상송출
(2000006, '100-00-00002', '프로모션 운영',    '시식/시연·경품 이벤트·브랜드 부스 운영',                              1, '2025-06-08 09:00:00', '2025-06-08 09:00:00'),
(2000007, '100-00-00002', '진행/MC',         '메인/보조 MC·나레이터·큐콜러',                                        1, '2025-06-08 09:10:00', '2025-06-08 09:10:00'),
(2000008, '100-00-00002', '보안·안전',       '출입통제·순찰·비상대응·Crowd Safety',                                 1, '2025-06-08 09:20:00', '2025-06-08 09:20:00'),
(2000009, '100-00-00002', '촬영·기록',       '스틸·비디오·현장 편집·데이터 관리',                                   1, '2025-06-08 09:30:00', '2025-06-08 09:30:00'),
(2000010, '100-00-00002', '영상·송출',       '스위칭·LED 월·중계/송출·그래픽 오퍼레이트',                            1, '2025-06-08 09:40:00', '2025-06-08 09:40:00'),

-- [빛나는컴퍼니 / 제조·전자기기] : VIP의전·케이터링·쇼컨트롤·설치/철거·관객서비스·공연
(2000011, '100-00-00003', 'VIP 의전',        '의전 프로토콜·이동 동선·출입/보안 협조',                              1, '2025-06-09 09:00:00', '2025-06-09 09:00:00'),
(2000012, '100-00-00003', '케이터링',        '푸드/음료 스테이션·위생·백업 물류',                                    1, '2025-06-09 09:10:00', '2025-06-09 09:10:00'),
(2000013, '100-00-00003', '리허설·쇼컨트롤',  '쇼콜·큐시트·인터컴·타임키핑',                                          1, '2025-06-09 09:20:00', '2025-06-09 09:20:00'),
(2000014, '100-00-00003', '설치·철거(구조물)', '트러스/텐트/사인물 설치·해체·적재',                                   1, '2025-06-09 09:30:00', '2025-06-09 09:30:00'),
(2000015, '100-00-00003', '관객 서비스',      '티켓/팔찌·유실물·민원/CS·안내 데스크',                                1, '2025-06-09 09:40:00', '2025-06-09 09:40:00'),
(2000016, '100-00-00003', '공연/퍼포먼스',    '퍼포머 섭외·무대 운용·전환/안전 스포트',                               1, '2025-06-09 09:50:00', '2025-06-09 09:50:00');

/* 2) 소분류: RoleTemplateItem (각 대분류별로 실무 역할 4종씩) */
INSERT INTO RoleTemplateItem (rtiNo, rtNo, rtiName, rtiDescription, rtiStatus, createDate, updateDate) VALUES
-- 2000001 현장운영
(3000001, 2000001, '현장총괄',          '전체 일정/인력/위험요소 총괄, 이슈 의사결정', 1, '2025-06-07 11:00:00', '2025-06-07 11:00:00'),
(3000002, 2000001, '스테이지 매니저',  '무대 진행/전환 콜, 큐 동기화',               1, '2025-06-07 11:00:00', '2025-06-07 11:00:00'),
(3000003, 2000001, '러너(물류/지원)',  '소모품/장비 심부름, 급요청 즉응',             1, '2025-06-07 11:00:00', '2025-06-07 11:00:00'),
(3000004, 2000001, '무전/콜 관리자',   '무전 세팅·채널 통일·콜타임 공지',             1, '2025-06-07 11:00:00', '2025-06-07 11:00:00'),

-- 2000002 무대(스테이지)
(3000005, 2000002, '무대 설치',        '데크/라이저 설치, 볼트 체결, 레벨링',        1, '2025-06-07 11:05:00', '2025-06-07 11:05:00'),
(3000006, 2000002, '무대 안전관리',    '낙하/끼임/전도 방지, 안전 라인 설치',        1, '2025-06-07 11:05:00', '2025-06-07 11:05:00'),
(3000007, 2000002, '씬 체인지 크루',   '전환 소품/세트 투입·회수, 타임제어',          1, '2025-06-07 11:05:00', '2025-06-07 11:05:00'),
(3000008, 2000002, '리깅 스팟터',      '상부 작업 감시, 리깅 안전 스포트',            1, '2025-06-07 11:05:00', '2025-06-07 11:05:00'),

-- 2000003 조명
(3000009, 2000003, '조명 오퍼레이터',  '콘솔 운영, 큐 실행/백업',                     1, '2025-06-07 11:10:00', '2025-06-07 11:10:00'),
(3000010, 2000003, '포커싱 테크',      '스팟 포커싱, 룩 표준화, 라인업',               1, '2025-06-07 11:10:00', '2025-06-07 11:10:00'),
(3000011, 2000003, '리깅 테크',        '조명 리그/세이프티 와이어 체결',              1, '2025-06-07 11:10:00', '2025-06-07 11:10:00'),
(3000012, 2000003, '디머/전기 테크',   '전원 분배, DMX 패치/어드레스',                1, '2025-06-07 11:10:00', '2025-06-07 11:10:00'),

-- 2000004 음향
(3000013, 2000004, 'FOH 엔지니어',     '메인 PA 믹스/튜닝, 하우스 레벨 관리',         1, '2025-06-07 11:15:00', '2025-06-07 11:15:00'),
(3000014, 2000004, '모니터 엔지니어',   '무대 모니터 믹스, 아티스트 피드백',           1, '2025-06-07 11:15:00', '2025-06-07 11:15:00'),
(3000015, 2000004, '시스템 테크',       'PA 배치/타임얼라인, 스피커 관리',             1, '2025-06-07 11:15:00', '2025-06-07 11:15:00'),
(3000016, 2000004, 'RF 테크',          '무선 마이크/인이어 주파수 관리',               1, '2025-06-07 11:15:00', '2025-06-07 11:15:00'),

-- 2000005 의전·안내
(3000017, 2000005, 'VIP 안내',          '의전 동선/대기실 관리, 일정 동기화',           1, '2025-06-07 11:20:00', '2025-06-07 11:20:00'),
(3000018, 2000005, '리셉션/등록',       '입장 등록, 팔찌/배지 발급, 물품 보관',         1, '2025-06-07 11:20:00', '2025-06-07 11:20:00'),
(3000019, 2000005, '좌석 안내',         '홀 플로어 운영, 배정 좌석 안내',               1, '2025-06-07 11:20:00', '2025-06-07 11:20:00'),
(3000020, 2000005, '동선 통제',         '관객 접근 통제, 혼잡 완화/안전 확보',          1, '2025-06-07 11:20:00', '2025-06-07 11:20:00'),

-- 2000006 프로모션 운영
(3000021, 2000006, '시식/시연 스태프', '제품 시식·시연 진행, 위생 준수',               1, '2025-06-08 11:00:00', '2025-06-08 11:00:00'),
(3000022, 2000006, '브랜드 프로모터',   '브랜드 설명·고객 응대·리드 수집',              1, '2025-06-08 11:00:00', '2025-06-08 11:00:00'),
(3000023, 2000006, '이벤트 데스크',     '경품 응모/추첨, 문의 응대',                     1, '2025-06-08 11:00:00', '2025-06-08 11:00:00'),
(3000024, 2000006, '재고/물품 관리',    '홍보물·샘플 수불, 인벤토리 기록',              1, '2025-06-08 11:00:00', '2025-06-08 11:00:00'),

-- 2000007 진행/MC
(3000025, 2000007, '메인 MC',           '메인 진행, 현장 톤·템포 조절',                 1, '2025-06-08 11:05:00', '2025-06-08 11:05:00'),
(3000026, 2000007, '보조 MC',           '코멘트 보조, 관객 참여 유도',                   1, '2025-06-08 11:05:00', '2025-06-08 11:05:00'),
(3000027, 2000007, '나레이터',          '행사 멘트/안내 방송 낭독',                      1, '2025-06-08 11:05:00', '2025-06-08 11:05:00'),
(3000028, 2000007, '큐콜러',            '큐시트 진행/콜, 타임테이블 수호',               1, '2025-06-08 11:05:00', '2025-06-08 11:05:00'),

-- 2000008 보안·안전
(3000029, 2000008, '출입통제 요원',     '백스테이지/장비구역 출입 관리',                 1, '2025-06-08 11:10:00', '2025-06-08 11:10:00'),
(3000030, 2000008, '순찰/감시 요원',    '홀/야외 구역 순찰, 위험요인 식별',               1, '2025-06-08 11:10:00', '2025-06-08 11:10:00'),
(3000031, 2000008, '비상대응 요원',     '응급·화재·분쟁 초기 대응',                       1, '2025-06-08 11:10:00', '2025-06-08 11:10:00'),
(3000032, 2000008, 'Crowd Safety',      '밀집도 관리, 보행동선 유지',                     1, '2025-06-08 11:10:00', '2025-06-08 11:10:00'),

-- 2000009 촬영·기록
(3000033, 2000009, '스틸 포토그래퍼',   '필수 컷리스트 기반 촬영',                        1, '2025-06-08 11:15:00', '2025-06-08 11:15:00'),
(3000034, 2000009, '비디오그래퍼',      '현장 영상 촬영·운용',                            1, '2025-06-08 11:15:00', '2025-06-08 11:15:00'),
(3000035, 2000009, 'DIT(데이터 매니저)','미디어 백업/정리, 파일명 규칙 적용',             1, '2025-06-08 11:15:00', '2025-06-08 11:15:00'),
(3000036, 2000009, '현장 편집',         '하이라이트 컷편/자막·간단 색보정',               1, '2025-06-08 11:15:00', '2025-06-08 11:15:00'),

-- 2000010 영상·송출
(3000037, 2000010, '스위처',            '멀티캠 스위칭, PGM/Preview 운용',               1, '2025-06-08 11:20:00', '2025-06-08 11:20:00'),
(3000038, 2000010, 'LED 월 테크',       'LED 패널 구축/맵핑, 모듈 점검',                  1, '2025-06-08 11:20:00', '2025-06-08 11:20:00'),
(3000039, 2000010, '중계/송출 엔지니어', '엔코딩/송출 세팅, 레이턴시 관리',                1, '2025-06-08 11:20:00', '2025-06-08 11:20:00'),
(3000040, 2000010, '그래픽 오퍼레이터', '자막/CG 송출, 하드웨어/소프트 그래픽',            1, '2025-06-08 11:20:00', '2025-06-08 11:20:00'),

-- 2000011 VIP 의전
(3000041, 2000011, '의전팀장',          '프로토콜 총괄, 일정·리스크 관리',                1, '2025-06-09 11:00:00', '2025-06-09 11:00:00'),
(3000042, 2000011, '이동 동선 관리',    '리무진/엘리베이터/백도어 동선 운영',             1, '2025-06-09 11:00:00', '2025-06-09 11:00:00'),
(3000043, 2000011, '출입 보안 협조',    '백스테이지 출입권한/보안 라인 통제',              1, '2025-06-09 11:00:00', '2025-06-09 11:00:00'),
(3000044, 2000011, '기념품/의전세트',   '선물 준비/전달, 테이블 세팅',                    1, '2025-06-09 11:00:00', '2025-06-09 11:00:00'),

-- 2000012 케이터링
(3000045, 2000012, '푸드 스테이션',     '메뉴 준비/보충, 알러지 표기, 위생 준수',         1, '2025-06-09 11:05:00', '2025-06-09 11:05:00'),
(3000046, 2000012, '음료/바 운영',      '커피/바 운영, 음료 재고/냉장 보관',              1, '2025-06-09 11:05:00', '2025-06-09 11:05:00'),
(3000047, 2000012, '위생/정리 담당',    '조리/서비스 구역 청결, 폐기물 분리',             1, '2025-06-09 11:05:00', '2025-06-09 11:05:00'),
(3000048, 2000012, '백업 물류',         '식자재/용기 물류, 아이스/워터 보충',             1, '2025-06-09 11:05:00', '2025-06-09 11:05:00'),

-- 2000013 리허설·쇼컨트롤
(3000049, 2000013, '쇼콜러',            '전체 큐 콜, 인터컴 핸들링',                      1, '2025-06-09 11:10:00', '2025-06-09 11:10:00'),
(3000050, 2000013, '큐시트 관리자',     '큐시트 최신본 유지/배포, 변경 공지',              1, '2025-06-09 11:10:00', '2025-06-09 11:10:00'),
(3000051, 2000013, '인터컴 테크',       '벨트팩/베이스 세팅, 채널 관리',                   1, '2025-06-09 11:10:00', '2025-06-09 11:10:00'),
(3000052, 2000013, '타임키퍼',          '콜타임/런타임 관리, 지연시 경보',                  1, '2025-06-09 11:10:00', '2025-06-09 11:10:00'),

-- 2000014 설치·철거(구조물)
(3000053, 2000014, '트러스 설치',       '트러스 조립/핀 체결, 수평·수직 확인',            1, '2025-06-09 11:15:00', '2025-06-09 11:15:00'),
(3000054, 2000014, '캐노피/텐트 설치',  '텐트 프레임/천막 설치, 고정/앵커 작업',           1, '2025-06-09 11:15:00', '2025-06-09 11:15:00'),
(3000055, 2000014, '사인물/현수막 설치', '리깅 포인트/안전성 확인 후 설치',                 1, '2025-06-09 11:15:00', '2025-06-09 11:15:00'),
(3000056, 2000014, '철거/적재',         '철거 순서 준수, 장비 상차·적재 리스트업',         1, '2025-06-09 11:15:00', '2025-06-09 11:15:00'),

-- 2000015 관객 서비스
(3000057, 2000015, '티켓/팔찌 발권',     '현장 발권/검표, 팔찌 부착',                       1, '2025-06-09 11:20:00', '2025-06-09 11:20:00'),
(3000058, 2000015, '유실물 센터',       '습득물 접수/보관/인계, 기록 유지',                1, '2025-06-09 11:20:00', '2025-06-09 11:20:00'),
(3000059, 2000015, '안내 데스크',       '행사/부스/편의시설 안내, 맵 제공',                 1, '2025-06-09 11:20:00', '2025-06-09 11:20:00'),
(3000060, 2000015, '민원/CS 응대',      '대기/불만 처리, 안전/보안 협조',                   1, '2025-06-09 11:20:00', '2025-06-09 11:20:00'),

-- 2000016 공연/퍼포먼스
(3000061, 2000016, '퍼포머',            '버블/매직/마임 등 공연',                           1, '2025-06-09 11:25:00', '2025-06-09 11:25:00'),
(3000062, 2000016, '퍼포먼스 어시스트', '소품/의상/무대 전환 지원',                          1, '2025-06-09 11:25:00', '2025-06-09 11:25:00'),
(3000063, 2000016, '무대 전환 크루',    '전환 소품 입·출, 안전 스포트',                      1, '2025-06-09 11:25:00', '2025-06-09 11:25:00'),
(3000064, 2000016, '안전 스포터',       '고소/리깅 작업 시 지상 감시/콜',                    1, '2025-06-09 11:25:00', '2025-06-09 11:25:00');



INSERT INTO CheckTemplate (ctNo, ctName, ctDescription, ctStatus, createDate, updateDate, bnNo) VALUES
(4000001, '출근', '현장 도착 후 출근 여부 확인 및 보고', 1, '2025-06-07 14:00:00', '2025-06-07 14:00:00', '100-00-00001'),
(4000002, '무대준비', '무대 설치 및 장비 배치 준비', 1, '2025-06-07 14:00:00', '2025-06-07 14:00:00', '100-00-00001'),
(4000003, '정리', '행사 종료 후 장비 및 현장 정리', 1, '2025-06-07 14:00:00', '2025-06-07 14:00:00', '100-00-00001'),
(4000004, '클라이언트 접선', '클라이언트와의 첫 접선 및 인사', 1, '2025-06-07 14:00:00', '2025-06-07 14:00:00', '100-00-00001'),
(4000005, '장비점검', '마이크, 스피커 등 장비 정상 작동 여부 점검', 1, '2025-06-07 14:00:00', '2025-06-07 14:00:00', '100-00-00001'),
(4000006, '리허설', '전체 리허설 진행 및 동선 확인', 1, '2025-06-08 14:00:00', '2025-06-08 14:00:00', '100-00-00002'),
(4000007, '복장체크', '의상 착용 상태 및 복장 규정 확인', 1, '2025-06-08 14:00:00', '2025-06-08 14:00:00', '100-00-00002'),
(4000008, '스탠바이', '행사 시작 전 최종 대기 상태 점검', 1, '2025-06-08 14:00:00', '2025-06-08 14:00:00', '100-00-00002'),
(4000009, '음향테스트', '음향 장비 테스트 및 볼륨 조정', 1, '2025-06-08 14:00:00', '2025-06-08 14:00:00', '100-00-00002'),
(4000010, '조명테스트', '조명 장비 테스트 및 위치 조정', 1, '2025-06-08 14:00:00', '2025-06-08 14:00:00', '100-00-00002'),
(4000011, '보안점검', '행사장 내외부 보안 상태 확인', 1, '2025-06-08 14:00:00', '2025-06-08 14:00:00', '100-00-00002'),
(4000012, '관객응대', '관객 입장 시 응대 및 안내', 1, '2025-06-09 14:00:00', '2025-06-09 14:00:00', '100-00-00003'),
(4000013, '현장지원', '현장 내 요청사항 지원 및 처리', 1, '2025-06-09 14:00:00', '2025-06-09 14:00:00', '100-00-00003'),
(4000014, '기록촬영', '행사 중 사진 및 영상 기록 촬영', 1, '2025-06-09 14:00:00', '2025-06-09 14:00:00', '100-00-00003'),
(4000015, '마무리보고', '행사 종료 후 클라이언트에게 보고', 1, '2025-06-09 14:00:00', '2025-06-09 14:00:00', '100-00-00003');

-- 기존 CheckTemplateItem INSERT 전부 제거 후, 아래로 교체
INSERT INTO CheckTemplateItem (ctINo, ctNo, ctiTitle, ctiHelpText, ctIStatus, createDate, updateDate) VALUES
-- 4000001 출근
(5000001, 4000001, '모바일 출근 체크(GPS 인증)', '현장 도착 후 앱에서 GPS 켜고 체크인. 실패 시 현장관리자 보고', 1, '2025-06-07 15:00:00', '2025-06-07 15:00:00'),
(5000002, 4000001, 'PPE 착용 확인', '안전화·장갑·형광조끼 착용 상태를 셀피로 남김', 1, '2025-06-07 15:00:00', '2025-06-07 15:00:00'),

-- 4000002 무대준비
(5000003, 4000002, '스테이지/트러스 볼트 체결 점검', '볼트·핀 체결상태, 균열·변형 여부 육안 확인', 1, '2025-06-07 15:00:00', '2025-06-07 15:00:00'),
(5000004, 4000002, '분전반·전원 분배 점검', '메인 차단기 OFF 확인 후 체결 → 전원 인가 순서 준수', 1, '2025-06-07 15:00:00', '2025-06-07 15:00:00'),

-- 4000003 정리
(5000005, 4000003, '케이블 릴 정리', '케이블 릴에 감아 라벨링, 테이핑 잔여물 제거', 1, '2025-06-07 15:00:00', '2025-06-07 15:00:00'),
(5000006, 4000003, '쓰레기 분리수거·현장 정돈', '일반/재활용 분리, 낙하·끼임 위험물 제거', 1, '2025-06-07 15:00:00', '2025-06-07 15:00:00'),

-- 4000004 클라이언트 접선
(5000007, 4000004, '담당자 콜/위치 확인', '담당자 도착 여부·위치 확인, 첫 인사 및 동선 파악', 1, '2025-06-07 15:00:00', '2025-06-07 15:00:00'),
(5000008, 4000004, '브리핑 핵심사항 공유', '주요 요청·제약사항 요약 후 팀에 공지', 1, '2025-06-07 15:00:00', '2025-06-07 15:00:00'),

-- 4000005 장비점검
(5000009, 4000005, '무전기 채널·볼륨 테스트', '통신 채널 통일(예: CH1), 볼륨·마이크 테스트', 1, '2025-06-07 15:00:00', '2025-06-07 15:00:00'),
(5000010, 4000005, '예비 배터리/충전기 수량 확인', '예비 수량·충전상태 체크, 충전 위치 공지', 1, '2025-06-07 15:00:00', '2025-06-07 15:00:00'),

-- 4000006 리허설
(5000011, 4000006, '오디오 라인체크(마이크/DI)', '각 채널 게인·잡음·위상 점검', 1, '2025-06-08 15:00:00', '2025-06-08 15:00:00'),
(5000012, 4000006, '조명 큐시트 리허설', 'GO/STOP 콜 시점, 페이드타임 재확인', 1, '2025-06-08 15:00:00', '2025-06-08 15:00:00'),

-- 4000007 복장체크
(5000013, 4000007, '드레스코드/명찰 착용', '명찰·밴드·복장 준수, 외부 식별 가능 상태 유지', 1, '2025-06-08 15:00:00', '2025-06-08 15:00:00'),
(5000014, 4000007, '안전장비 준비', '귀마개·장갑·비상약품 위치 공유', 1, '2025-06-08 15:00:00', '2025-06-08 15:00:00'),

-- 4000008 스탠바이
(5000015, 4000008, '비상 동선/소화기 위치 확인', '비상구·소화기 위치 및 접근성 확인', 1, '2025-06-08 15:00:00', '2025-06-08 15:00:00'),
(5000016, 4000008, '콜타임/타임테이블 최종 확인', '콜타임 지연시 즉시 보고 규칙 공유', 1, '2025-06-08 15:00:00', '2025-06-08 15:00:00'),

-- 4000009 음향테스트
(5000017, 4000009, '메인 PA 좌/우 밸런스', '스윕 테스트, 딜레이 타워 동기화 확인', 1, '2025-06-08 15:00:00', '2025-06-08 15:00:00'),
(5000018, 4000009, '피드백/하울링 체크', '문제 주파수 대역 확인 후 EQ 컷', 1, '2025-06-08 15:00:00', '2025-06-08 15:00:00'),

-- 4000010 조명테스트
(5000019, 4000010, 'DMX 어드레스/패치 확인', '어드레스 충돌 여부·패치 정확성 점검', 1, '2025-06-08 15:00:00', '2025-06-08 15:00:00'),
(5000020, 4000010, '스팟 포커싱/밝기 점검', '피사체 포커스·룩 밝기 표준화', 1, '2025-06-08 15:00:00', '2025-06-08 15:00:00'),

-- 4000011 보안점검
(5000021, 4000011, '비상구/통제선 설치 확인', '통제선 파손·차량 통과 위험 제거', 1, '2025-06-09 15:00:00', '2025-06-09 15:00:00'),
(5000022, 4000011, '출입증/백스테이지 명단 확인', '미등록 출입 통제, 출입대장 비치', 1, '2025-06-09 15:00:00', '2025-06-09 15:00:00'),

-- 4000012 관객응대
(5000023, 4000012, '입장 대기줄 관리', '줄 분리·안전거리·우선 좌석 안내', 1, '2025-06-09 15:00:00', '2025-06-09 15:00:00'),
(5000024, 4000012, '유실물/분실 접수 테이블 준비', '보관함·기록지·연락처 공지', 1, '2025-06-09 15:00:00', '2025-06-09 15:00:00'),

-- 4000013 현장지원
(5000025, 4000013, '워터·의자·텐트 세팅', '스태프 휴게/대기 공간 셋업', 1, '2025-06-09 15:00:00', '2025-06-09 15:00:00'),
(5000026, 4000013, '급 요청 접수 프로토콜 공지', '요청→접수→배정→완료 보고 흐름 안내', 1, '2025-06-09 15:00:00', '2025-06-09 15:00:00'),

-- 4000014 기록촬영
(5000027, 4000014, '스틸컷 리스트 촬영', '필수 컷리스트 체크 후 촬영', 1, '2025-06-09 15:00:00', '2025-06-09 15:00:00'),
(5000028, 4000014, '하이라이트 영상(30초)', '가로 1080p, 주요 하이라이트 클립', 1, '2025-06-09 15:00:00', '2025-06-09 15:00:00'),

-- 4000015 마무리보고
(5000029, 4000015, '이슈/사고 보고서 작성', '원인·조치·재발방지 포함, 사진 첨부', 1, '2025-06-09 15:00:00', '2025-06-09 15:00:00'),
(5000030, 4000015, '클라이언트 확인/송부', '보고서 확인 서명 또는 메일 송부', 1, '2025-06-09 15:00:00', '2025-06-09 15:00:00');
INSERT INTO CheckTemplateItem (ctINo, ctNo, ctiTitle, ctiHelpText, ctIStatus, createDate, updateDate) VALUES
-- 4000001 출근 (D=2025-06-07)
(5000031, 4000001, '현장 QR 체크인(백업)', '앱 오류 시 QR/서명으로 백업 체크인', 1, '2025-06-07 15:00:00', '2025-06-07 15:00:00'),
(5000032, 4000001, '지각/결근 보고 프로토콜', '지연 즉시 무전/메신저 보고, 사유 기록', 1, '2025-06-07 15:00:00', '2025-06-07 15:00:00'),

-- 4000002 무대준비
(5000033, 4000002, '스테이지 레벨(수평) 체크', '레이저/수평계로 데크 레벨 재확인', 1, '2025-06-07 15:00:00', '2025-06-07 15:00:00'),
(5000034, 4000002, '케이블 라벨링/레터링', '양단 라벨·경로 표기, 회수시 식별 용이', 1, '2025-06-07 15:00:00', '2025-06-07 15:00:00'),

-- 4000003 정리
(5000035, 4000003, '라쳇/공구 인수인계', '공구 수량·상태 확인, 반납 체크리스트', 1, '2025-06-07 15:00:00', '2025-06-07 15:00:00'),
(5000036, 4000003, '분전반 전원 Off/잠금', '차단기 Off 후 LOTO(잠금표시) 적용', 1, '2025-06-07 15:00:00', '2025-06-07 15:00:00'),

-- 4000004 클라이언트 접선
(5000037, 4000004, '브랜딩/CI 가이드 확인', '로고, 색상, 노출금지 항목 재확인', 1, '2025-06-07 15:00:00', '2025-06-07 15:00:00'),
(5000038, 4000004, '촬영 제한/보안 조항 확인', '촬영금지 구역·저작권·보안 서약 재점검', 1, '2025-06-07 15:00:00', '2025-06-07 15:00:00'),

-- 4000005 장비점검
(5000039, 4000005, '예비 장비 기능 테스트', '스페어 장비 전원·IO·펌웨어 확인', 1, '2025-06-07 15:00:00', '2025-06-07 15:00:00'),
(5000040, 4000005, '파손/결함 신고 접수', '결함 발견시 사진·시리얼 포함 신고', 1, '2025-06-07 15:00:00', '2025-06-07 15:00:00'),

-- 4000006 리허설 (D=2025-06-08)
(5000041, 4000006, '타임코드/메트로놈 동기화', 'TC/클릭 소스·BPM 일치 재확인', 1, '2025-06-08 15:00:00', '2025-06-08 15:00:00'),
(5000042, 4000006, '인터컴 롤콜', '모든 포지션 호출/응답 테스트', 1, '2025-06-08 15:00:00', '2025-06-08 15:00:00'),

-- 4000007 복장체크
(5000043, 4000007, '무소음 신발 확인', '슬립/소음 최소화, 무대 진입 적합', 1, '2025-06-08 15:00:00', '2025-06-08 15:00:00'),
(5000044, 4000007, '액세서리/주머니 점검', '낙하 위험물·금속 액세서리 제거', 1, '2025-06-08 15:00:00', '2025-06-08 15:00:00'),

-- 4000008 스탠바이
(5000045, 4000008, '우천/풍속 플랜B 확인', '텐트·커버·지연/연기 의사결정 흐름', 1, '2025-06-08 15:00:00', '2025-06-08 15:00:00'),
(5000046, 4000008, '의료/응급 키트 위치 공유', 'AED·구급함·의료진 콜 채널 공지', 1, '2025-06-08 15:00:00', '2025-06-08 15:00:00'),

-- 4000009 음향테스트
(5000047, 4000009, '무선 주파수 스캔/할당', 'RF 스펙트럼 스캔, 채널 간섭 회피', 1, '2025-06-08 15:00:00', '2025-06-08 15:00:00'),
(5000048, 4000009, '서브우퍼 폴라리티/딜레이', '극성 확인, 메인과 타임 얼라인', 1, '2025-06-08 15:00:00', '2025-06-08 15:00:00'),

-- 4000010 조명테스트
(5000049, 4000010, '비상등/작업등 점등 테스트', '정전 대비 수동 점등 루트 확인', 1, '2025-06-08 15:00:00', '2025-06-08 15:00:00'),
(5000050, 4000010, '색온도/화이트 밸런스 캘리브', '카메라/LED월 기준 화밸 맞춤', 1, '2025-06-08 15:00:00', '2025-06-08 15:00:00'),

-- 4000011 보안점검 (D=2025-06-09)
(5000051, 4000011, '소화전/AED 표지 부착', '표지 가시성/접근성 확인', 1, '2025-06-09 15:00:00', '2025-06-09 15:00:00'),
(5000052, 4000011, '드론/특수촬영 승인 확인', '비행 승인/시간·고도 제한 준수', 1, '2025-06-09 15:00:00', '2025-06-09 15:00:00'),

-- 4000012 관객응대
(5000053, 4000012, '분실아동 프로토콜', '미아 발생시 집결지/연락망 절차', 1, '2025-06-09 15:00:00', '2025-06-09 15:00:00'),
(5000054, 4000012, '배리어프리 안내', '휠체어석·장애인 화장실/동선 안내', 1, '2025-06-09 15:00:00', '2025-06-09 15:00:00'),

-- 4000013 현장지원
(5000055, 4000013, '휴게공간 냉난방 점검', '온열/냉방 상태, 환기 확인', 1, '2025-06-09 15:00:00', '2025-06-09 15:00:00'),
(5000056, 4000013, '음수대/정수 위치 공지', '수질·보충 주기·위치 지도 공유', 1, '2025-06-09 15:00:00', '2025-06-09 15:00:00'),

-- 4000014 기록촬영
(5000057, 4000014, '초상권/저작권 동의 수집', '동의 양식/표지, 미동의 식별', 1, '2025-06-09 15:00:00', '2025-06-09 15:00:00'),
(5000058, 4000014, '파일명 규칙/백업 주기', 'YYYYMMDD_프로젝트_러닝_번호', 1, '2025-06-09 15:00:00', '2025-06-09 15:00:00'),

-- 4000015 마무리보고
(5000059, 4000015, '장비 손망실 리포트', '분실/파손 내역·시리얼·사진 첨부', 1, '2025-06-09 15:00:00', '2025-06-09 15:00:00'),
(5000060, 4000015, '고객 피드백/만족도', '간단 설문 링크·이슈 콜백 정리', 1, '2025-06-09 15:00:00', '2025-06-09 15:00:00');


INSERT INTO ProjectInfo ( pjNo, pjName, pjMemo, pjStartDate, pjEndDate, roadAddress, detailAddress,  clientName, clientPhone, clientMemo, pjStatus, createDate, updateDate, bnNo, clientRepresent ) VALUES
(6000001, '인천 여름 페스티벌', '인천시청 주관 여름 음악 축제', '2025-07-01', '2025-07-03', '인천광역시 남동구 인하로 100', '야외무대 A구역', '인천시청 문화과', '032-123-4567', '행사 당일 9시까지 무대 설치 완료 요청', 1, '2025-06-11 10:00:00', '2025-06-11 10:00:00', '100-00-00001', '홍길동'),
(6000002, '부천 거리 공연', '부천시 거리 예술 공연', '2025-08-15', '2025-08-16', '경기도 부천시 부천로 123', '중앙공원 앞', '부천문화재단', '032-987-6543', '공연자 대기 공간 별도 마련 요청', 1, '2025-06-11 10:00:00', '2025-06-11 10:00:00', '100-00-00002', '김나영'),
(6000003, '인천 바다 콘서트', '해변에서 진행되는 야외 콘서트', '2025-09-05', '2025-09-06', '인천광역시 중구 신포로 33', '해변 특설무대', '인천관광공사', '032-555-7890', '조명 설치 및 리허설 일정 공유 요청', 1, '2025-06-11 10:00:00', '2025-06-11 10:00:00', '100-00-00003', '이수민'),
(6000004, '부천 청소년 댄스대회', '청소년 대상 댄스 경연 행사', '2025-10-10', '2025-10-11', '경기도 부천시 중동로 55', '부천시민회관', '부천청소년센터', '032-777-8888', '심사위원 대기실 별도 구성 요청', 1, '2025-06-12 10:00:00', '2025-06-12 10:00:00', '100-00-00002', '박지훈'),
(6000005, '인천 독립영화제', '독립영화 상영 및 감독과의 대화', '2025-11-20', '2025-11-22', '인천광역시 미추홀구 석바위로 45', '문화예술회관 2층', '인천영화진흥원', '032-333-4444', '상영관 음향 점검 필수', 1, '2025-06-13 10:00:00', '2025-06-13 10:00:00', '100-00-00001', '최유진'),
(6000006, '부천 겨울 거리축제', '부천시 주관 겨울 거리 퍼레이드 및 공연', '2025-12-20', '2025-12-22', '경기도 부천시 길주로 210', '중앙광장', '부천시청 문화관광과', '032-222-3333', '퍼레이드 시작 전 안전 점검 필수', 1, '2025-06-14 10:00:00', '2025-06-14 10:00:00', '100-00-00001', '정민호'),
(6000007, '인천 송년 콘서트', '인천시민 대상 송년 음악회', '2025-12-31', '2026-01-01', '인천광역시 연수구 송도과학로 16', '컨벤시아 홀 A', '인천문화재단', '032-444-5555', '리허설은 행사 하루 전 진행', 1, '2025-06-14 10:00:00', '2025-06-14 10:00:00', '100-00-00002', '한지은'),
(6000008, '부천 청소년 영화제', '청소년 대상 단편영화 상영 및 시상식', '2026-02-10', '2026-02-12', '경기도 부천시 부천로 123', '부천문화예술회관', '부천영화진흥원', '032-666-7777', '심사위원 대기실 별도 구성 요청', 1, '2025-06-14 10:00:00', '2025-06-14 10:00:00', '100-00-00003', '서지훈'),
(6000009, '인천 봄맞이 거리공연', '봄 시즌 거리 예술 공연', '2026-03-25', '2026-03-26', '인천광역시 중구 신포로 33', '신포시장 앞 거리', '인천예술협회', '032-888-9999', '공연자 대기 공간 별도 마련 요청', 1, '2025-06-15 10:00:00', '2025-06-15 10:00:00', '100-00-00001', '오세진'),
(6000010, '부천 봄꽃 페스티벌', '부천시 주관 봄꽃 전시 및 문화행사', '2026-04-10', '2026-04-12', '경기도 부천시 중동로 55', '중동 시민공원', '부천시청 녹지과', '032-111-2222', '꽃 전시물 설치는 행사 하루 전 완료', 1, '2025-06-15 10:00:00', '2025-06-15 10:00:00', '100-00-00002', '장예린');

INSERT INTO pjWorker ( pjRoleName, pjRoleLv, pjRoleDescription, pjRoleStatus, createDate, updateDate, userNo, pjNo) VALUES 
('관객관리', 5, '관객관리 역할을 수행하며 보안 관련 업무를 담당합니다.', 1, '2025-06-01 12:00:00', '2025-06-01 12:00:00', 1000015, 6000001),
('스케줄관리', 4, '스케줄관리 역할을 수행하며 총괄 관련 업무를 담당합니다.', 1, '2025-06-01 12:00:00', '2025-06-01 12:00:00', 1000010, 6000001),
('조명설치', 3, '조명설치 역할을 수행하며 조명 관련 업무를 담당합니다.', 1, '2025-06-01 12:00:00', '2025-06-01 12:00:00', 1000010, 6000001),
('조명설치', 3, '조명설치 역할을 수행하며 조명 관련 업무를 담당합니다.', 1, '2025-06-01 12:00:00', '2025-06-01 12:00:00', 1000014, 6000002),
('인력관리', 1, '인력관리 역할을 수행하며 총괄 관련 업무를 담당합니다.', 1, '2025-06-01 12:00:00', '2025-06-01 12:00:00', 1000011, 6000002),
('관객석청소', 2, '관객석청소 역할을 수행하며 청소 관련 업무를 담당합니다.', 1, '2025-06-01 12:00:00', '2025-06-01 12:00:00', 1000006, 6000002),
('조명조정', 3, '조명조정 역할을 수행하며 조명 관련 업무를 담당합니다.', 1, '2025-06-01 12:00:00', '2025-06-01 12:00:00', 1000008, 6000003),
('사진촬영', 2, '사진촬영 역할을 수행하며 촬영 관련 업무를 담당합니다.', 1, '2025-06-01 12:00:00', '2025-06-01 12:00:00', 1000004, 6000003),
('음향철거', 2, '음향철거 역할을 수행하며 음향 관련 업무를 담당합니다.', 1, '2025-06-01 12:00:00', '2025-06-01 12:00:00', 1000018, 6000003),
('비상대응', 5, '비상대응 역할을 수행하며 보안 관련 업무를 담당합니다.', 1, '2025-06-01 12:00:00', '2025-06-01 12:00:00', 1000004, 6000004),
('음향조정', 1, '음향조정 역할을 수행하며 음향 관련 업무를 담당합니다.', 1, '2025-06-01 12:00:00', '2025-06-01 12:00:00', 1000013, 6000004),
('무대청소', 2, '무대청소 역할을 수행하며 청소 관련 업무를 담당합니다.', 1, '2025-06-01 12:00:00', '2025-06-01 12:00:00', 1000010, 6000004),
('조명설치', 3, '조명설치 역할을 수행하며 조명 관련 업무를 담당합니다.', 1, '2025-06-01 12:00:00', '2025-06-01 12:00:00', 1000015, 6000005),
('폐기물처리', 1, '폐기물처리 역할을 수행하며 청소 관련 업무를 담당합니다.', 1, '2025-06-01 12:00:00', '2025-06-01 12:00:00', 1000020, 6000005),
('비상대응', 5, '비상대응 역할을 수행하며 보안 관련 업무를 담당합니다.', 1, '2025-06-01 12:00:00', '2025-06-01 12:00:00', 1000009, 6000005),
('무대음향', 3, '무대음향 역할을 수행하며 무대 관련 업무를 담당합니다.', 1, '2025-06-01 12:00:00', '2025-06-01 12:00:00', 1000013, 6000006),
('일반삐에로', 4, '일반삐에로 역할을 수행하며 삐에로 관련 업무를 담당합니다.', 1, '2025-06-01 12:00:00', '2025-06-01 12:00:00', 1000001, 6000006),
('조명설치', 1, '조명설치 역할을 수행하며 조명 관련 업무를 담당합니다.', 1, '2025-06-01 12:00:00', '2025-06-01 12:00:00', 1000009, 6000006),
('좌석안내', 3, '좌석안내 역할을 수행하며 안내 관련 업무를 담당합니다.', 1, '2025-06-01 12:00:00', '2025-06-01 12:00:00', 1000020, 6000007),
('음향조정', 3, '음향조정 역할을 수행하며 음향 관련 업무를 담당합니다.', 1, '2025-06-01 12:00:00', '2025-06-01 12:00:00', 1000016, 6000007),
('일반삐에로', 5, '일반삐에로 역할을 수행하며 삐에로 관련 업무를 담당합니다.', 1, '2025-06-01 12:00:00', '2025-06-01 12:00:00', 1000003, 6000007),
('고급삐에로', 1, '고급삐에로 역할을 수행하며 삐에로 관련 업무를 담당합니다.', 1, '2025-06-01 12:00:00', '2025-06-01 12:00:00', 1000015, 6000008),
('음향조정', 1, '음향조정 역할을 수행하며 음향 관련 업무를 담당합니다.', 1, '2025-06-01 12:00:00', '2025-06-01 12:00:00', 1000016, 6000008),
('관객안내', 3, '관객안내 역할을 수행하며 안내 관련 업무를 담당합니다.', 1, '2025-06-01 12:00:00', '2025-06-01 12:00:00', 1000007, 6000008),
('관객관리', 1, '관객관리 역할을 수행하며 보안 관련 업무를 담당합니다.', 1, '2025-06-01 12:00:00', '2025-06-01 12:00:00', 1000001, 6000009),
('현장총괄', 3, '현장총괄 역할을 수행하며 총괄 관련 업무를 담당합니다.', 1, '2025-06-01 12:00:00', '2025-06-01 12:00:00', 1000014, 6000009),
('사진촬영', 5, '사진촬영 역할을 수행하며 촬영 관련 업무를 담당합니다.', 1, '2025-06-01 12:00:00', '2025-06-01 12:00:00', 1000010, 6000009),
('출입통제', 4, '출입통제 역할을 수행하며 보안 관련 업무를 담당합니다.', 1, '2025-06-01 12:00:00', '2025-06-01 12:00:00', 1000005, 6000010),
('풍선삐에로', 3, '풍선삐에로 역할을 수행하며 삐에로 관련 업무를 담당합니다.', 1, '2025-06-01 12:00:00', '2025-06-01 12:00:00', 1000008, 6000010),
('좌석안내', 3, '좌석안내 역할을 수행하며 안내 관련 업무를 담당합니다.', 1, '2025-06-01 12:00:00', '2025-06-01 12:00:00', 1000001, 6000010);

-- 기존 PjChecklistItem INSERT 전부 제거 후, 아래로 교체 (pjNo=6000001, 갯수/키 동일)
INSERT INTO PjChecklistItem (pjChkItemNo, pjNo, pjChklTitle, pjHelpText, pjChkIStatus, createDate, updateDate) VALUES
-- 출근/체크인 (1~5)
(8000001, 6000001, '모바일 출근 체크(GPS 인증)', '앱 체크인 후 스크린샷 업로드', 1, '2025-06-06 10:00:00', '2025-06-06 10:00:00'),
(8000002, 6000001, 'PPE 착용 셀피 업로드', '안전화·장갑·형광조끼 필수', 1, '2025-06-06 10:00:00', '2025-06-06 10:00:00'),
(8000003, 6000001, '현장 책임자 첫 보고', '무전 CH1으로 도착 보고', 1, '2025-06-06 10:00:00', '2025-06-06 10:00:00'),
(8000004, 6000001, '작업구역 배정 확인', '구역 코드 스티커 수령·부착', 1, '2025-06-06 10:00:00', '2025-06-06 10:00:00'),
(8000005, 6000001, '비상연락망 확인', '긴급 연락처 저장·공유', 1, '2025-06-06 10:00:00', '2025-06-06 10:00:00'),

-- 무대준비 (6~10)
(8000006, 6000001, '트러스/스테이지 볼트 체결', '스패너로 최종 토크 확인', 1, '2025-06-06 10:00:00', '2025-06-06 10:00:00'),
(8000007, 6000001, '분전반·케이블 스트레스 해소', '케이블 장력·굴곡 최소화', 1, '2025-06-06 10:00:00', '2025-06-06 10:00:00'),
(8000008, 6000001, '케이블 동선 테이핑', '통행로 방해/끼임 위험 제거', 1, '2025-06-06 10:00:00', '2025-06-06 10:00:00'),
(8000009, 6000001, '안전 라인(바리케이드) 설치', '관객 접근 금지선 확보', 1, '2025-06-06 10:00:00', '2025-06-06 10:00:00'),
(8000010, 6000001, '장비 인벤토리 체크-인', '반입 목록과 물품 대조 완료', 1, '2025-06-06 10:00:00', '2025-06-06 10:00:00'),

-- 조명점검 (11~15)
(8000011, 6000001, 'DMX 어드레스/패치 확인', '충돌·누락 없는지 재확인', 1, '2025-06-06 10:00:00', '2025-06-06 10:00:00'),
(8000012, 6000001, '스팟 포커싱', '피사체·무대 중앙 기준', 1, '2025-06-06 10:00:00', '2025-06-06 10:00:00'),
(8000013, 6000001, '리그 안전와이어 점검', '모든 기기 보조 와이어 체결', 1, '2025-06-06 10:00:00', '2025-06-06 10:00:00'),
(8000014, 6000001, '조명 콘솔 쇼파일 저장', 'Showfile v1 저장·USB 백업', 1, '2025-06-06 10:00:00', '2025-06-06 10:00:00'),
(8000015, 6000001, '예비 램프/겔 수량 확인', '소모품 부족 시 즉시 요청', 1, '2025-06-06 10:00:00', '2025-06-06 10:00:00'),

-- 음향점검 (16~20)
(8000016, 6000001, '메인 PA L/R 밸런스 체크', '스윕·핑크노이즈로 확인', 1, '2025-06-06 10:00:00', '2025-06-06 10:00:00'),
(8000017, 6000001, '모니터 스피커 노이즈 점검', '험/버즈/클릭 노이즈 제거', 1, '2025-06-06 10:00:00', '2025-06-06 10:00:00'),
(8000018, 6000001, '무선 마이크 배터리 교체', '예비 배터리 위치 공지', 1, '2025-06-06 10:00:00', '2025-06-06 10:00:00'),
(8000019, 6000001, '피드백(하울링) 제거 EQ', '문제 대역 컷·게인 최적화', 1, '2025-06-06 10:00:00', '2025-06-06 10:00:00'),
(8000020, 6000001, '녹음/송출 라인 점검', '레벨/클립/지연 확인', 1, '2025-06-06 10:00:00', '2025-06-06 10:00:00'),

-- 클라이언트 접선 (21~25)
(8000021, 6000001, '담당자 도착 확인 및 인사', '연락처 재확인·비상 연락망 공유', 1, '2025-06-06 10:00:00', '2025-06-06 10:00:00'),
(8000022, 6000001, '타임테이블 확정본 공유', '변경 시 즉시 방송·무전 공지', 1, '2025-06-06 10:00:00', '2025-06-06 10:00:00'),
(8000023, 6000001, '현장 동선/대기실 재확인', '대기실 규칙·출입 통제 준수', 1, '2025-06-06 10:00:00', '2025-06-06 10:00:00'),
(8000024, 6000001, '긴급 변경사항 수집', '담당자 승인→내부 공유', 1, '2025-06-06 10:00:00', '2025-06-06 10:00:00'),
(8000025, 6000001, '브리핑 요약 공지', '슬랙/카톡 공지로 배포', 1, '2025-06-06 10:00:00', '2025-06-06 10:00:00'),

-- 행사 마무리 (26~30)
(8000026, 6000001, '전원 순차 차단/안전 확인', '송출→조명→음향→분전 순', 1, '2025-06-06 10:00:00', '2025-06-06 10:00:00'),
(8000027, 6000001, '케이블 릴 정리·라벨링', '케이블 손상/단선 여부 체크', 1, '2025-06-06 10:00:00', '2025-06-06 10:00:00'),
(8000028, 6000001, '장비 출고 체크리스트', '인수자 서명·사진 저장', 1, '2025-06-06 10:00:00', '2025-06-06 10:00:00'),
(8000029, 6000001, '현장 청소/분리수거', '기초 청결 기준 충족', 1, '2025-06-06 10:00:00', '2025-06-06 10:00:00'),
(8000030, 6000001, '클로징 리포트 초안', '이슈·개선점·사진 첨부', 1, '2025-06-06 10:00:00', '2025-06-06 10:00:00');


-- 기존 pjPerform INSERT 전부 제거 후, 아래로 교체 (pfNo, 시간, 노트 동일 / pjRoleNo만 교정)
INSERT INTO pjPerform
(pfNo, pjChkItemNo, pjRoleNo, pfStart, pfEnd, notifyType, notifySetMins, pfStatus, note, createDate, updateDate)
VALUES
(9000001, 8000001, 7000001, '2025-07-01 08:00:00', '2025-07-01 08:30:00', 1, 5, 3, '업무 수행 메모 1',  '2025-06-06 10:00:00', '2025-06-07 08:30:00'),
(9000002, 8000002, 7000002, '2025-07-01 10:40:00','2025-07-01 11:10:00', 1, 5, 3, '업무 수행 메모 2',  '2025-06-06 10:00:00', '2025-06-07 11:10:00'),
(9000003, 8000003, 7000003, '2025-07-01 08:50:00','2025-07-01 09:20:00', 1, 5, 3, '업무 수행 메모 3',  '2025-06-06 10:00:00', '2025-06-07 09:20:00'),
(9000004, 8000004, 7000001, '2025-07-01 12:20:00','2025-07-01 12:50:00', 1, 5, 3, '업무 수행 메모 4',  '2025-06-06 10:00:00', '2025-06-07 12:50:00'),
(9000005, 8000005, 7000002, '2025-07-01 16:10:00','2025-07-01 16:40:00', 1, 5, 3, NULL,                 '2025-06-06 10:00:00', '2025-06-07 16:40:00'),
(9000006, 8000006, 7000001, '2025-07-01 08:10:00','2025-07-01 08:40:00', 1, 5, 3, '업무 수행 메모 6',  '2025-06-06 10:00:00', '2025-06-07 08:40:00'),
(9000007, 8000007, 7000002, '2025-07-01 11:50:00','2025-07-01 12:20:00', 1, 5, 3, '업무 수행 메모 7',  '2025-06-06 10:00:00', '2025-06-07 12:20:00'),
(9000008, 8000008, 7000003, '2025-07-01 12:50:00','2025-07-01 13:20:00', 1, 5, 3, '업무 수행 메모 8',  '2025-06-06 10:00:00', '2025-06-07 13:20:00'),
(9000009, 8000009, 7000001, '2025-07-01 09:20:00','2025-07-01 09:50:00', 1, 5, 3, NULL,                 '2025-06-06 10:00:00', '2025-06-07 09:50:00'),
(9000010, 8000010, 7000002, '2025-07-01 12:00:00','2025-07-01 12:30:00', 1, 5, 3, '업무 수행 메모 10', '2025-06-06 10:00:00', '2025-06-07 12:30:00'),
(9000011, 8000011, 7000001, '2025-07-01 10:40:00','2025-07-01 11:10:00', 1, 5, 3, '업무 수행 메모 11', '2025-06-06 10:00:00', '2025-06-07 11:10:00'),
(9000012, 8000012, 7000002, '2025-07-01 12:40:00','2025-07-01 13:10:00', 1, 5, 3, '업무 수행 메모 12', '2025-06-06 10:00:00', '2025-06-07 13:10:00'),
(9000013, 8000013, 7000003, '2025-07-01 11:30:00','2025-07-01 12:00:00', 1, 5, 3, '업무 수행 메모 13', '2025-06-06 10:00:00', '2025-06-07 12:00:00'),
(9000014, 8000014, 7000001, '2025-07-01 16:00:00','2025-07-01 16:30:00', 1, 5, 3, '업무 수행 메모 14', '2025-06-06 10:00:00', '2025-06-07 16:30:00'),
(9000015, 8000015, 7000002, '2025-07-01 13:40:00','2025-07-01 14:10:00', 1, 5, 3, '업무 수행 메모 15', '2025-06-06 10:00:00', '2025-06-07 14:10:00'),
(9000016, 8000016, 7000001, '2025-07-01 17:50:00','2025-07-01 18:20:00', 1, 5, 3, NULL,                 '2025-06-06 10:00:00', '2025-06-07 18:20:00'),
(9000017, 8000017, 7000002, '2025-07-01 12:00:00','2025-07-01 12:30:00', 1, 5, 3, '업무 수행 메모 17', '2025-06-06 10:00:00', '2025-06-07 12:30:00'),
(9000018, 8000018, 7000003, '2025-07-01 15:10:00','2025-07-01 15:40:00', 1, 5, 3, '업무 수행 메모 18', '2025-06-06 10:00:00', '2025-06-07 15:40:00'),
(9000019, 8000019, 7000001, '2025-07-01 13:20:00','2025-07-01 13:50:00', 1, 5, 3, '업무 수행 메모 19', '2025-06-06 10:00:00', '2025-06-07 13:50:00'),
(9000020, 8000020, 7000002, '2025-07-01 10:10:00','2025-07-01 10:40:00', 1, 5, 3, '업무 수행 메모 20', '2025-06-06 10:00:00', '2025-06-07 10:40:00'),
(9000021, 8000021, 7000001, '2025-07-01 10:00:00','2025-07-01 10:30:00', 1, 5, 3, '업무 수행 메모 21', '2025-06-06 10:00:00', '2025-06-07 10:30:00'),
(9000022, 8000022, 7000002, '2025-07-01 14:50:00','2025-07-01 15:20:00', 1, 5, 3, '업무 수행 메모 22', '2025-06-06 10:00:00', '2025-06-07 15:20:00'),
(9000023, 8000023, 7000003, '2025-07-01 12:40:00','2025-07-01 13:10:00', 1, 5, 3, '업무 수행 메모 23', '2025-06-06 10:00:00', '2025-06-07 13:10:00'),
(9000024, 8000024, 7000001, '2025-07-01 12:40:00','2025-07-01 13:10:00', 1, 5, 3, NULL,                 '2025-06-06 10:00:00', '2025-06-07 13:10:00'),
(9000025, 8000025, 7000002, '2025-07-01 10:40:00','2025-07-01 11:10:00', 1, 5, 3, NULL,                 '2025-06-06 10:00:00', '2025-06-07 11:10:00'),
(9000026, 8000026, 7000001, '2025-07-01 13:40:00','2025-07-01 14:10:00', 1, 5, 3, '업무 수행 메모 26', '2025-06-06 10:00:00', '2025-06-07 14:10:00'),
(9000027, 8000027, 7000002, '2025-07-01 11:10:00','2025-07-01 11:40:00', 1, 5, 3, '업무 수행 메모 27', '2025-06-06 10:00:00', '2025-06-07 11:40:00'),
(9000028, 8000028, 7000003, '2025-07-01 08:40:00','2025-07-01 09:10:00', 1, 5, 3, '업무 수행 메모 28', '2025-06-06 10:00:00', '2025-06-07 09:10:00'),
(9000029, 8000029, 7000001, '2025-07-01 10:10:00','2025-07-01 10:40:00', 1, 5, 3, '업무 수행 메모 29', '2025-06-06 10:00:00', '2025-06-07 10:40:00'),
(9000030, 8000030, 7000002, '2025-07-01 12:30:00','2025-07-01 13:00:00', 1, 5, 3, NULL,                 '2025-06-06 10:00:00', '2025-06-07 13:00:00');


 
 INSERT INTO pjPerformFile (fileNo, pfNo, fileName, createDate) VALUES 
(10000001, 9000002, '업무파일_1.jpg', '2025-06-07 10:00:00'),
(10000002, 9000003, '업무파일_2.jpg', '2025-06-07 10:00:00'),
(10000003, 9000004, '업무파일_3.jpg', '2025-06-07 10:00:00'),
(10000004, 9000007, '업무파일_4.jpg', '2025-06-07 10:00:00'),
(10000005, 9000009, '업무파일_5.jpg', '2025-06-07 10:00:00'),
(10000006, 9000010, '업무파일_6.jpg', '2025-06-07 10:00:00'),
(10000007, 9000013, '업무파일_7.jpg', '2025-06-07 10:00:00'),
(10000008, 9000015, '업무파일_8.jpg', '2025-06-07 10:00:00'),
(10000009, 9000016, '업무파일_9.jpg', '2025-06-07 10:00:00'),
(10000010, 9000017, '업무파일_10.jpg', '2025-06-07 10:00:00');



INSERT INTO ChatRoom (roomNo, roomName, creatorUserNo, isGroup, createdDate, updateDate) VALUES (11000001, '이서연', 1000001, FALSE, NOW(), NOW());
INSERT INTO ChatRoom (roomNo, roomName, creatorUserNo, isGroup, createdDate, updateDate) VALUES (11000002, '박지훈', 1000001, FALSE, NOW(), NOW());
INSERT INTO ChatRoom (roomNo, roomName, creatorUserNo, isGroup, createdDate, updateDate) VALUES (11000003, '최유진', 1000001, FALSE, NOW(), NOW());
INSERT INTO ChatRoom (roomNo, roomName, creatorUserNo, isGroup, createdDate, updateDate) VALUES (11000004, '정하늘', 1000001, FALSE, NOW(), NOW());
INSERT INTO ChatRoomUser (roomNo, userNo, joinDate) VALUES (11000001, 1000001, NOW());
INSERT INTO ChatRoomUser (roomNo, userNo, joinDate) VALUES (11000001, 1000002, NOW());
INSERT INTO ChatRoomUser (roomNo, userNo, joinDate) VALUES (11000002, 1000001, NOW());
INSERT INTO ChatRoomUser (roomNo, userNo, joinDate) VALUES (11000002, 1000003, NOW());
INSERT INTO ChatRoomUser (roomNo, userNo, joinDate) VALUES (11000003, 1000001, NOW());
INSERT INTO ChatRoomUser (roomNo, userNo, joinDate) VALUES (11000003, 1000004, NOW());
INSERT INTO ChatRoomUser (roomNo, userNo, joinDate) VALUES (11000004, 1000001, NOW());
INSERT INTO ChatRoomUser (roomNo, userNo, joinDate) VALUES (11000004, 1000005, NOW());
INSERT INTO ChatMessage (messageNo, roomNO, sendUserNo, message, sentDate) VALUES (15000001, 11000001, 1000001, '감사합니다!', '2025-07-01 12:00:00');
INSERT INTO ChatMessage (messageNo, roomNO, sendUserNo, message, sentDate) VALUES (15000002, 11000001, 1000002, '잘 지내시죠?', '2025-07-01 12:05:00');
INSERT INTO ChatMessage (messageNo, roomNO, sendUserNo, message, sentDate) VALUES (15000003, 11000001, 1000001, '감사합니다!', '2025-07-01 12:10:00');
INSERT INTO ChatMessage (messageNo, roomNO, sendUserNo, message, sentDate) VALUES (15000004, 11000001, 1000002, '어떤 기능이 필요할까요?', '2025-07-01 12:15:00');
INSERT INTO ChatMessage (messageNo, roomNO, sendUserNo, message, sentDate) VALUES (15000005, 11000001, 1000001, '네, 확인했습니다.', '2025-07-01 12:20:00');
INSERT INTO ChatMessage (messageNo, roomNO, sendUserNo, message, sentDate) VALUES (15000006, 11000001, 1000002, '잘 지내시죠?', '2025-07-01 12:25:00');
INSERT INTO ChatMessage (messageNo, roomNO, sendUserNo, message, sentDate) VALUES (15000007, 11000002, 1000001, '어떤 기능이 필요할까요?', '2025-07-01 12:30:00');
INSERT INTO ChatMessage (messageNo, roomNO, sendUserNo, message, sentDate) VALUES (15000008, 11000002, 1000003, '어떤 기능이 필요할까요?', '2025-07-01 12:35:00');
INSERT INTO ChatMessage (messageNo, roomNO, sendUserNo, message, sentDate) VALUES (15000009, 11000002, 1000001, '곧 회의가 있어요.', '2025-07-01 12:40:00');
INSERT INTO ChatMessage (messageNo, roomNO, sendUserNo, message, sentDate) VALUES (15000010, 11000002, 1000003, '곧 회의가 있어요.', '2025-07-01 12:45:00');
INSERT INTO ChatMessage (messageNo, roomNO, sendUserNo, message, sentDate) VALUES (15000011, 11000002, 1000001, '이 기능 테스트 중이에요.', '2025-07-01 12:50:00');
INSERT INTO ChatMessage (messageNo, roomNO, sendUserNo, message, sentDate) VALUES (15000012, 11000003, 1000001, '감사합니다!', '2025-07-01 12:55:00');
INSERT INTO ChatMessage (messageNo, roomNO, sendUserNo, message, sentDate) VALUES (15000013, 11000003, 1000004, '안녕하세요!', '2025-07-01 13:00:00');
INSERT INTO ChatMessage (messageNo, roomNO, sendUserNo, message, sentDate) VALUES (15000014, 11000003, 1000001, '어떤 기능이 필요할까요?', '2025-07-01 13:05:00');
INSERT INTO ChatMessage (messageNo, roomNO, sendUserNo, message, sentDate) VALUES (15000015, 11000003, 1000004, '잘 지내시죠?', '2025-07-01 13:10:00');
INSERT INTO ChatMessage (messageNo, roomNO, sendUserNo, message, sentDate) VALUES (15000016, 11000003, 1000001, '채팅방을 만들어봤어요.', '2025-07-01 13:15:00');
INSERT INTO ChatMessage (messageNo, roomNO, sendUserNo, message, sentDate) VALUES (15000017, 11000004, 1000001, '안녕하세요!', '2025-07-01 13:20:00');
INSERT INTO ChatMessage (messageNo, roomNO, sendUserNo, message, sentDate) VALUES (15000018, 11000004, 1000005, '곧 회의가 있어요.', '2025-07-01 13:25:00');
INSERT INTO ChatMessage (messageNo, roomNO, sendUserNo, message, sentDate) VALUES (15000019, 11000004, 1000001, '채팅방을 만들어봤어요.', '2025-07-01 13:30:00');
INSERT INTO ChatMessage (messageNo, roomNO, sendUserNo, message, sentDate) VALUES (15000020, 11000004, 1000005, '감사합니다!', '2025-07-01 13:35:00');
INSERT INTO ChatMessage (messageNo, roomNO, sendUserNo, message, sentDate) VALUES (15000021, 11000004, 1000001, '네, 확인했습니다.', '2025-07-01 13:40:00');
INSERT INTO ChatMessage (messageNo, roomNO, sendUserNo, message, sentDate) VALUES (15000022, 11000004, 1000005, '그럼 그렇게 진행하겠습니다.', '2025-07-01 13:45:00');


-- ProjectInfo의 roadAddress만 실제 도로명 주소로 교체
UPDATE ProjectInfo SET roadAddress='인천광역시 남동구 예술로 149'            WHERE pjNo=6000001; -- 인천문화예술회관 야외무대 인근
UPDATE ProjectInfo SET roadAddress='경기도 부천시 원미구 소향로 162'          WHERE pjNo=6000002; -- 부천중앙공원(시청 앞)
UPDATE ProjectInfo SET roadAddress='인천광역시 연수구 센트럴로 350'            WHERE pjNo=6000003; -- 송도달빛축제공원
UPDATE ProjectInfo SET roadAddress='경기도 부천시 원미구 부일로 365'          WHERE pjNo=6000004; -- 부천시민회관
UPDATE ProjectInfo SET roadAddress='인천광역시 남동구 예술로 149'            WHERE pjNo=6000005; -- 인천문화예술회관(상영관)
UPDATE ProjectInfo SET roadAddress='경기도 부천시 원미구 길주로 210'          WHERE pjNo=6000006; -- 부천시청(문화광장)
UPDATE ProjectInfo SET roadAddress='인천광역시 연수구 센트럴로 123'            WHERE pjNo=6000007; -- 송도컨벤시아
UPDATE ProjectInfo SET roadAddress='경기도 부천시 원미구 소향로 165'          WHERE pjNo=6000008; -- 부천아트센터(부천문화예술회관 용도 대체)
UPDATE ProjectInfo SET roadAddress='인천광역시 중구 우현로49번길 11-5'        WHERE pjNo=6000009; -- 신포국제시장 앞 거리
UPDATE ProjectInfo SET roadAddress='경기도 부천시 원미구 조마루로 15'          WHERE pjNo=6000010; -- 상동호수공원

select * from Users;
select * from BusinessUser;
select * from RoleTemplate;
select * from RoleTemplateItem;
select * from CheckTemplate;
select * from CheckTemplateItem;
select * from ProjectInfo;
select * from pjWorker;
select * from PjChecklistItem;
select * from pjPerform;
select * from pjPerformFile;
select * from chatRoom;
select * from chatRoomUser;
select * from chatMessage;